"id","activity_D28"
"1",0
"-1",0
"A2M",0
"AAAS_AHCTF1_GLE1_NDC1_NUP107_NUP133_NUP153_NUP155_NUP160_NUP188_NUP205_NUP210_NUP214_NUP35_NUP37_NUP42_NUP43_NUP50_NUP54_NUP58_NUP62_NUP85_NUP88_NUP93_NUP98_POM121_RAE1_RANBP2_SEC13_SEH1L_TPR",0
"AAK1",0
"AANAT",0
"AATK",0
"ABCA7",0
"ABCC4",0
"ABCE1",0
"ABI1",0
"ABI1_BRK1_CYFIP1_NCKAP1_WASF1",0
"ABI1_BRK1_CYFIP1_NCKAP1_WASF2",0
"ABI1_EPS8_SOS1",0
"ABL1",0
"ABL2",0
"ABR",0
"ABRAXAS1",0
"ACAA2",0
"ACAN",0
"ACAT1",0
"ACD",0
"ACD_POT1_TERF1_TERF2_TERF2IP_TINF2",0
"ACE",0
"ACE2",0
"ACOX1",0
"ACP1",0
"ACTA1_ACTL6A_ALKBH3_BRD2_BRD8_DMAP1_EP400_EPC1_ING3_KAT5_MORF4L1_MRGBP_RUVBL1_RUVBL2_TRRAP_VPS72_YEATS4",0
"ACTB",0
"ACTB_ACTL6A_ACTR5_ACTR8_INO80_INO80B_INO80C_INO80D_INO80E_MCRS1_NFRKB_RUVBL1_RUVBL2_TFPT_UCHL5_YY1",0
"ACTB_ACTL6A_BRD8_DMAP1_EP400_EPC1_EPC2_ING3_KAT5_MBTD1_MEAF6_MORF4L1_MORF4L2_MRGBP_RUVBL1_RUVBL2_TRRAP_VPS72_YEATS4",0
"ACTL6A",0
"ACTL6A_ACTL6B_ARID1A_ARID1B_ARID2_PBRM1_SMARCA2_SMARCA4_SMARCB1_SMARCC1_SMARCC2_SMARCD1_SMARCD2_SMARCD3_SMARCE1",0
"ACTL6A_ARID1A_ARID1B_ARID2_SMARCA4_SMARCB1_SMARCC1_SMARCC2_SMARCD1_SMARCE1",0
"ACTN1",0
"ACTR2",0
"ACTR2_ACTR3_ARPC1A_ARPC1B_ARPC2_ARPC3_ARPC4_ARPC5_ARPC5L",0
"ACVR1",0
"ACVR1B",0
"ACVR1C",0
"ACVR2A",0
"ACVR2B",0
"ACVRL1",0
"ADA",0
"ADAM10",0
"ADAM12",0
"ADAM15",0
"ADAM17",0
"ADAM2",0
"ADAM23",0
"ADAM9",0
"ADAMTS1",0
"ADAMTS13",0
"ADAMTS4",0
"ADAMTS5",0
"ADARB1",0
"ADCK5",0
"ADCY5",0
"ADCYAP1",0
"ADD1_ADD2_EPB41_GYPC_SLC2A1_SLC4A1_STOM",0
"ADGRG1",0
"ADGRV1",0
"ADIPOQ",0
"ADIPOR1",0
"ADIPOR2",0
"ADM",0
"ADM2",0
"ADNP",0
"ADORA1",0
"ADORA2A",0
"ADORA2B",0
"ADORA3",0
"ADRA1A",0
"ADRA1B",0
"ADRA1D",0
"ADRA2A",0
"ADRA2B",0
"ADRA2C",0
"ADRB1",0
"ADRB2",0
"ADRB3",0
"ADRM1",0
"ADRM1_PSMA1_PSMA2_PSMA3_PSMA4_PSMA5_PSMA6_PSMA7_PSMB1_PSMB2_PSMB3_PSMB4_PSMB5_PSMB6_PSMB7_PSMC1_PSMC2_PSMC3_PSMC4_PSMC5_PSMC6_PSMD1_PSMD11_PSMD12_PSMD13_PSMD14_PSMD2_PSMD3_PSMD4_PSMD6_PSMD7_PSMD8_SEM1",0
"AEBP2_EED_EZH2_RBBP4_SUZ12",0
"AFAP1L2",0
"AFDN",0
"AFF2",0
"AGRN",0
"AGRP",0
"AGT",0
"AGTR1",0
"AGTR2",0
"AHCYL1",0
"AHCYL2",0
"AHSA1",0
"AHSP",0
"AIM2_CASP1_PYCARD",0
"AIMP1",0
"AKAP11",0
"AKAP12",0
"AKAP13",0
"AKAP5",0
"AKAP8",0
"AKAP8L",0
"AKAP9",0
"AKT1",0
"AKT1S1",0
"AKT1S1_DEPTOR_MLST8_MTOR_RPTOR",0
"AKT2",0
"AKT3",0
"ALDH2",0
"ALK",0
"ALPK1",0
"ALPL",0
"ALS2",0
"AMBRA1",0
"AMBRA1_BECN1_PIK3C3_PIK3R4_SH3GLB1_UVRAG",0
"AMER1",0
"AMFR",0
"AMH",0
"AMHR2",0
"AMOT",0
"AMOTL2",0
"ANAPC1",0
"ANAPC1_ANAPC10_ANAPC11_ANAPC13_ANAPC2_ANAPC4_ANAPC5_ANAPC7_CDC16_CDC23_CDC26_CDC27",0
"ANAPC2",0
"ANGPT1",0
"ANGPT2",0
"ANGPT4",0
"ANGPTL1",0
"ANK1",0
"ANK1_CD47_EPB42_GYPA_GYPB_ICAM4_RHAG_RHCE_SLC2A1_SLC4A1",0
"ANK2",0
"ANK3",0
"ANKRD11",0
"ANKRD26",0
"ANKRD28",0
"ANKRD6",0
"ANKS1B",0
"ANO9",0
"ANP32A",0
"ANXA1",0
"ANXA13",0
"AP1B1",0
"AP1B1_AP1G1_AP1M1_AP1S1",0
"AP1B1_AP1G1_AP1M1_AP1S1_CHEBI_17526_CLTA_CLTB_CLTC_CLTCL1",0
"AP1G2",0
"AP2A2_AP2B1_AP2M1_AP2S1",0
"AP2M1",0
"AP3B1",0
"AP3B1_AP3B2_AP3D1_AP3M1_AP3M2_AP3S1_AP3S2_CHEBI_18348_CLTA_CLTB_CLTC_CLTCL1",0
"APAF1",0
"APAF1_CASP9_CYCS",0
"APBA1",0
"APBA2",0
"APBA3",0
"APBB1",0
"APC",0
"APC2",0
"APC_AXIN1_AXIN2_CSNK1A1_CTNNB1_GSK3A_GSK3B",0
"APC_AXIN1_GSK3B",0
"APC_CDC20",0
"APC_PUF60_SIAH1_SKP1_TBL1X",0
"APELA",0
"APEX1",100
"APH1A",0
"APH1A_NCSTN_PSEN1_PSENEN",0
"APH1B",0
"APIP",0
"APLF",0
"APLN",0
"APLNR",0
"APOA1",0
"APOA5",0
"APOB",0
"APOC3",0
"APOE",0
"APP",0
"APPL1",0
"AQP5",0
"AR",100
"ARAF",0
"ARAP1",0
"ARAP2",0
"ARAP3",0
"AREG",0
"AREL1",0
"ARF1",0
"ARF6",0
"ARFGAP1",0
"ARFGEF1",0
"ARFGEF2",0
"ARHGAP1",0
"ARHGAP10",0
"ARHGAP11A",0
"ARHGAP11B",0
"ARHGAP12",0
"ARHGAP15",0
"ARHGAP17",0
"ARHGAP19",0
"ARHGAP20",0
"ARHGAP21",0
"ARHGAP22",0
"ARHGAP23",0
"ARHGAP24",0
"ARHGAP26",0
"ARHGAP27",0
"ARHGAP28",0
"ARHGAP29",0
"ARHGAP30",0
"ARHGAP31",0
"ARHGAP32",0
"ARHGAP33",0
"ARHGAP35",0
"ARHGAP39",0
"ARHGAP4",0
"ARHGAP40",0
"ARHGAP44",0
"ARHGAP5",0
"ARHGAP6",0
"ARHGAP8",0
"ARHGAP9",0
"ARHGDIA",0
"ARHGEF1",0
"ARHGEF10",0
"ARHGEF11",0
"ARHGEF12",0
"ARHGEF15",0
"ARHGEF17",0
"ARHGEF18",0
"ARHGEF19",0
"ARHGEF2",0
"ARHGEF25",0
"ARHGEF26",0
"ARHGEF28",0
"ARHGEF3",0
"ARHGEF4",0
"ARHGEF5",0
"ARHGEF6",0
"ARHGEF7",0
"ARHGEF9",0
"ARID4B_BRMS1_HDAC1_HDAC2_ING1_ING2_RBBP4_RBBP7_RBP1_SAP18_SAP30_SIN3A_SUDS3",0
"ARID5B",0
"ARIH1",0
"ARIH2",0
"ARMC10",0
"ARNT",100
"ARNT_HIF1A",0
"ARPC2",0
"ARPP19",0
"ARRB1",0
"ARRB2",0
"ARSA",0
"ARTN",0
"ARVCF",0
"ASAP1",0
"ASAP2",0
"ASAP3",0
"ASB11",0
"ASB2",0
"ASB3",0
"ASB4",0
"ASB9",0
"ASF1A",0
"ASF1B",0
"ASH1L",0
"ASH2L",0
"ASH2L_DPY30_HCFC1_HCFC2_KMT2A_KMT2D_MEN1_RBBP5_WDR5_WDR82",0
"ASH2L_DPY30_KDM6A_KMT2B_KMT2C_NCOA6_PAXIP1_RBBP5_WDR5",0
"ASH2L_DPY30_KMT2A_RBBP5_SETD1A_SETD1B_WDR5",0
"ASH2L_DPY30_KMT2C_RBBP5_SETD1A_SETD1B_WDR5",0
"ASH2L_DPY30_KMT2D_RBBP5_SETD1A_SETD1B_WDR5",0
"ASH2L_SETD1A_WDR5",0
"ASIP",0
"ASPH",0
"ASPSCR1",0
"ASTN2",0
"ASXL1",0
"ASXL2",0
"ASXL3",0
"ATAD2",0
"ATAD5",0
"ATAT1",0
"ATE1",0
"ATF1",100
"ATF2",100
"ATF2_JUN",0
"ATF3",-100
"ATF4",100
"ATG10",0
"ATG101",0
"ATG101_ATG13_RB1CC1_ULK1_ULK2",0
"ATG12",0
"ATG12_ATG5",0
"ATG13",0
"ATG13_RB1CC1_ULK1",0
"ATG14",0
"ATG16L1",0
"ATG3",0
"ATG4A",0
"ATG4B",0
"ATG4D",0
"ATG5",0
"ATG7",0
"ATG9A",0
"ATM",0
"ATM_NBN",0
"ATOH1",0
"ATP6AP1",0
"ATP6V1H",0
"ATP7A",0
"ATR",0
"ATRIP",0
"ATRX",0
"ATR_ATRIP",0
"ATXN2L",0
"ATXN7",0
"ATXN7_ATXN7L3_ENY2_KAT2A_KAT2B_SGF29_SUPT20H_SUPT3H_SUPT7L_TADA1_TADA2B_TADA3_TAF10_TAF12_TAF1A_TAF2_TAF5L_TAF6L_TAF8_TAF9_TRRAP_USP22",0
"AURKA",0
"AURKB",0
"AURKC",0
"AUTS2",0
"AVP",0
"AVPR1A",0
"AVPR1B",0
"AVPR2",0
"AXIN1",0
"AXIN2",0
"AXL",0
"AZI2",0
"B0LPE5",0
"B2M_CHEBI_166824_HLA_A",0
"B2M_CHEBI_166824_HLA_B",0
"B2M_CHEBI_166824_HLA_C",0
"B2M_CHEBI_166824_HLA_E",0
"B2M_CHEBI_166824_HLA_F",0
"B2M_CHEBI_166824_HLA_G",0
"B3GNT3",0
"BABAM1",0
"BACE1",0
"BACE2",0
"BACH1",0
"BAD",0
"BAG1",0
"BAG2",0
"BAG3",0
"BAG4",0
"BAG5",0
"BAG6",0
"BAIAP2",0
"BAK1",0
"BAMBI",0
"BANP",0
"BAP1",0
"BARD1",0
"BARD1_BRCA1",0
"BARD1_BRCA1_BRIP1_CHEBI_49883_TOPBP1",0
"BARD1_BRCA1_CHEBI_29035_CHEBI_29105_CHEBI_4705_MRE11_NBN_RAD50_RBBP8",0
"BAX",0
"BAZ1B",0
"BAZ1B_CHEBI_18111_DDX21_DEK_ERCC6_MYBBP1A_MYO1C_SF3B1_SMARCA5",0
"BAZ1B_SMARCA5",0
"BAZ2A_SMARCA5",0
"BAZ2B",0
"BBC3",0
"BBIP1_BBS1_BBS2_BBS4_BBS5_BBS7_BBS9_TTC8",0
"BCAP31",0
"BCAR1",0
"BCAR3",0
"BCKDK",0
"BCL10",0
"BCL10_CARD11_MALT1",0
"BCL2",0
"BCL2L1",0
"BCL2L11",0
"BCL2L2",0
"BCL3",0
"BCL6",-100
"BCL9",0
"BCOR",0
"BCORL1",0
"BCR",0
"BCS1L",0
"BDKRB1",0
"BDKRB2",0
"BDNF",0
"BDP1_BRF1_BRF2_TBP",0
"BECN1",0
"BECN1_PIK3C3_PIK3R4_UVRAG",0
"BFAR",0
"BHLHE41",0
"BICDL1",0
"BID",0
"BIK",0
"BIRC2",0
"BIRC3",0
"BIRC5",0
"BIRC5_LAMTOR5",0
"BIRC6",0
"BIRC6_RPS27A",0
"BIRC6_UBA52",0
"BIRC6_UBB",0
"BIRC6_UBC",0
"BIRC7",0
"BLK",0
"BLM",0
"BLVRA",0
"BMAL1",-100
"BMAL1_CLOCK",0
"BMF",0
"BMI1",0
"BMP1",0
"BMP10",0
"BMP15",0
"BMP2",0
"BMP4",0
"BMP5",0
"BMP6",0
"BMP7",0
"BMP8A",0
"BMP8B",0
"BMPR1A",0
"BMPR1A_BMPR1B_BMPR2",0
"BMPR1B",0
"BMPR2",0
"BMX",0
"BNIP1",0
"BNIP2",0
"BNIP3",0
"BNIP3L",0
"BORA",0
"BRAF",0
"BRAP",0
"BRCA1",100
"BRCA2",0
"BRCA2_FANCD2_FANCG_XRCC3",0
"BRCC3",0
"BRD2",0
"BRD3",0
"BRD4",0
"BRDT",0
"BRIP1",0
"BRK1",0
"BRMS1",0
"BRSK1",0
"BRSK2",0
"BSPRY",0
"BTAF1",0
"BTC",0
"BTF3",0
"BTG1",0
"BTG2",0
"BTG3",0
"BTK",0
"BTRC",0
"BTRC_CUL1_SKP1",0
"BUB1",0
"BUB1B",0
"BUB1B_BUB3_CDC20_MAD2L1",0
"BZW2",0
"C10orf90",0
"C1D",0
"C1QA_C1QB_C1QC_C1R_C1S",0
"C1QBP",0
"C1RL",0
"C2_C3_C4A_C4B_2",0
"C2_C4A_C4B_2",0
"C3",0
"C3_CFB",0
"C5",0
"C9orf72",0
"CABIN1",0
"CABIN1_HIRA_UBN1",0
"CABIN1_HIRA_UBN2",0
"CABLES1",0
"CABP1",0
"CADPS",0
"CADPS2",0
"CALB1",0
"CALCA",0
"CALCB",0
"CALM1",0
"CALM2",0
"CALM3",0
"CALR",0
"CALU",0
"CAMK1",0
"CAMK1G",0
"CAMK2A",0
"CAMK2A_CAMK2B_CAMK2D_CAMK2G",0
"CAMK2B",0
"CAMK2D",0
"CAMK2G",0
"CAMK4",0
"CAMKK1",0
"CAMKK2",0
"CAMP",0
"CAND1",0
"CAPN1",0
"CAPN1_CAPNS1",0
"CAPN2",0
"CAPN3",0
"CAPNS1",0
"CAPRIN1",0
"CAPRIN2",0
"CARD10",0
"CARD11",0
"CARD14",0
"CARD16",0
"CARD17P",0
"CARD18",0
"CARD8",0
"CARD9",0
"CARM1",0
"CARM1_MAPK12",0
"CASC3_EIF4A3_MAGOH_RBM8A",0
"CASK",0
"CASP1",0
"CASP10",0
"CASP12",0
"CASP1_CASP5_NLRP1_PYCARD",0
"CASP1_MEFV_PYCARD",0
"CASP1_NAIP_NLRC4_PYCARD",0
"CASP1_NLRP1_PYCARD",0
"CASP1_NLRP3_PYCARD",0
"CASP2",0
"CASP2_CRADD_PIDD1",0
"CASP3",0
"CASP4",0
"CASP5",0
"CASP6",0
"CASP7",0
"CASP8",0
"CASP8AP2",0
"CASP9",0
"CASR",0
"CAST",0
"CAV1",0
"CAV3_DAG1_DMD_DTNA_DTNB_LAMA2_NOS1_SGCA_SGCB_SGCD_SGCG_SNTA1_SNTB1_SNTB2_SNTG1_SNTG2",0
"CBFA2T3",0
"CBFA2T3_ZNF652",0
"CBFB",0
"CBFB_RUNX1",0
"CBL",0
"CBLB",0
"CBLC",0
"CBLL1",0
"CBX1",0
"CBX3",0
"CBX4",0
"CBX5",0
"CBY1",0
"CC2D1A",0
"CCAR2",0
"CCDC102B",0
"CCDC88C",0
"CCK",0
"CCKAR",0
"CCKBR",0
"CCL1",0
"CCL11",0
"CCL13",0
"CCL14",0
"CCL15",0
"CCL16",0
"CCL17",0
"CCL18",0
"CCL19",0
"CCL2",0
"CCL20",0
"CCL21",0
"CCL22",0
"CCL23",0
"CCL24",0
"CCL25",0
"CCL26",0
"CCL27",0
"CCL28",0
"CCL3",0
"CCL3L1",0
"CCL4",0
"CCL4L1",0
"CCL5",0
"CCL7",0
"CCL8",0
"CCN1",0
"CCN2",0
"CCN3",0
"CCNA1",0
"CCNA2_CDK1",0
"CCNA2_CDK18",0
"CCNA2_CDK2",0
"CCNB1_CDK1",0
"CCNC",0
"CCNC_CDK19",0
"CCNC_CDK3",0
"CCNC_CDK8_MED12_MED13_MED13L",0
"CCND1",0
"CCND1_CDK4",0
"CCND1_CDK6",0
"CCND2",0
"CCND3",0
"CCND3_CDK11A",0
"CCND3_CDK11B",0
"CCND3_CDK6",0
"CCNE1_CDK3",0
"CCNE2_CDK2",0
"CCNF",0
"CCNH",0
"CCNH_CDK7_ERCC2_ERCC3_GTF2H1_GTF2H2_GTF2H2C_2_GTF2H3_GTF2H4_GTF2H5_MNAT1",0
"CCNH_CDK7_MNAT1",0
"CCNK_CDK12",0
"CCNK_CDK13",0
"CCNO",0
"CCNT1_CCNT2_CDK9",0
"CCNT1_CDK9",0
"CCNY_CDK14",0
"CCNY_CDK16",0
"CCP110",0
"CCR5",0
"CCR6",0
"CCR7",0
"CCT2_CCT3_CCT4_CCT5_CCT6A_CCT7_CCT8_TCP1",0
"CD14",0
"CD163",0
"CD19",0
"CD22",0
"CD24",0
"CD247",0
"CD247_CD3D_CD3E_CD3G",0
"CD274",0
"CD28",0
"CD2AP",0
"CD300LB",0
"CD34",0
"CD3E",0
"CD4",0
"CD40",0
"CD40LG",0
"CD48",0
"CD55",0
"CD58",0
"CD59",0
"CD70",0
"CD74",0
"CD79A_CD79B_P0DOX3_P0DOX7",0
"CD79A_CD79B_P0DOX3_P0DOX8",0
"CD79A_CD79B_P0DOX6_P0DOX7",0
"CD79A_CD79B_P0DOX6_P0DOX8",0
"CD80",0
"CD86",0
"CDC14A",0
"CDC14B",0
"CDC20",0
"CDC25A",0
"CDC25B",0
"CDC25C",0
"CDC34",0
"CDC37_HSP90AA1",0
"CDC42",0
"CDC42BPA",0
"CDC42BPB",0
"CDC45",0
"CDC5L",0
"CDC7",0
"CDC73",0
"CDC73_CTR9_LEO1_PAF1_RTF1_SKIC8",0
"CDC73_CTR9_LEO1_PAF1_SKIC8",0
"CDCA2",0
"CDCA3",0
"CDCA5",0
"CDCA8_PRC1",0
"CDH1",0
"CDH10",0
"CDH11",0
"CDH12",0
"CDH13",0
"CDH15",0
"CDH16",0
"CDH17",0
"CDH18",0
"CDH19",0
"CDH2",0
"CDH20",0
"CDH22",0
"CDH23",0
"CDH23_MYO7A_PCDH15_USH1C_USH1G",0
"CDH24",0
"CDH3",0
"CDH4",0
"CDH5",0
"CDH6",0
"CDH7",0
"CDH8",0
"CDH9",0
"CDK1",0
"CDK10",0
"CDK11A",0
"CDK11B",0
"CDK12",0
"CDK13",0
"CDK14",0
"CDK16",0
"CDK18",0
"CDK19",0
"CDK2",0
"CDK20",0
"CDK2AP1",0
"CDK3",0
"CDK4",0
"CDK5",0
"CDK5R1",0
"CDK5RAP2",0
"CDK5RAP3",0
"CDK5_CDK5R1",0
"CDK6",0
"CDK7",0
"CDK8",0
"CDK9",0
"CDKL1",0
"CDKL5",0
"CDKN1A",0
"CDKN1B",0
"CDKN2A",0
"CDKN2AIP",0
"CDKN2A_MDM2",0
"CDKN2B",0
"CDKN2C",0
"CDKN2D",0
"CDKN3",0
"CDO1",0
"CDON",0
"CDON_SPAG9",0
"CDR2",0
"CDT1",0
"CDX2",0
"CEBPA",-100
"CEBPA_FOXO1",0
"CEBPB",100
"CEBPB_FOXO1",0
"CEBPE",0
"CELF1",0
"CELF6",0
"CENPC",0
"CENPK",0
"CENPN",0
"CENPS_CENPX",0
"CEP135",0
"CEP152",0
"CEP192",0
"CEP250",0
"CEP290",0
"CEP41",0
"CEP43",0
"CEP63",0
"CEP68",0
"CEP72",0
"CEP76",0
"CEP85",0
"CERK",0
"CETN2_RAD23B_XPC",0
"CFAP53",0
"CFD",0
"CFH",0
"CFHR1",0
"CFI",0
"CFL1",0
"CFL2",0
"CFLAR",0
"CFLAR_FAS_RIPK1_TNFRSF10A_TNFRSF1A_TNFSF10_TRADD_TRAF2",0
"CGA",0
"CGA_TSHB",0
"CGB8",0
"CGRRF1",0
"CHAD",0
"CHAF1A_CHAF1B_RBBP4",0
"CHAMP1",0
"CHD1",0
"CHD2",0
"CHD3_CHD4_GATAD2A_GATAD2B_HDAC1_HDAC2_MBD2_MBD3_MTA1_MTA2_MTA3_RBBP4_RBBP7",0
"CHD8",0
"CHEBI_15996_CHEBI_16635_CHEBI_33699_EIF1_EIF2S1_EIF2S2_EIF2S3_EIF3A_EIF3B_EIF3C_EIF3D_EIF3E_EIF3F_EIF3G_EIF3H_EIF3I_EIF3J_EIF3K_EIF3L_EIF3M_EIF4A2_EIF4B_EIF4E_EIF4G1_EIF5_FAU_RPS10_RPS11_RPS12_RPS13_RPS14_RPS15_RPS15A_RPS16_RPS17_RPS18_RPS19_RPS2_RPS20_RPS21_RPS23_RPS24_RPS25_RPS26_RPS27_RPS27A_RPS27L_RPS28_RPS29_RPS3_RPS3A_RPS4X_RPS4Y1_RPS4Y2_RPS5_RPS6_RPS7_RPS8_RPS9_RPSA",0
"CHEBI_15996_CHEBI_2651_EEF1A1",0
"CHEBI_15996_ETF1_GSPT1",0
"CHEBI_16038_CHEBI_28494_CHEBI_64482",0
"CHEBI_166824_CHEBI_53000_HLA_DMA_HLA_DMB",0
"CHEBI_166824_CHEBI_53000_HLA_DMA_HLA_DOB",0
"CHEBI_166824_CHEBI_53000_HLA_DMA_HLA_DPB1",0
"CHEBI_166824_CHEBI_53000_HLA_DMA_HLA_DQB1",0
"CHEBI_166824_CHEBI_53000_HLA_DMA_HLA_DQB2",0
"CHEBI_166824_CHEBI_53000_HLA_DMA_HLA_DRB1",0
"CHEBI_166824_CHEBI_53000_HLA_DMA_HLA_DRB3",0
"CHEBI_166824_CHEBI_53000_HLA_DMA_HLA_DRB4",0
"CHEBI_166824_CHEBI_53000_HLA_DMA_HLA_DRB5",0
"CHEBI_166824_CHEBI_53000_HLA_DMB_HLA_DOA",0
"CHEBI_166824_CHEBI_53000_HLA_DMB_HLA_DPA1",0
"CHEBI_166824_CHEBI_53000_HLA_DMB_HLA_DQA1",0
"CHEBI_166824_CHEBI_53000_HLA_DMB_HLA_DQA2",0
"CHEBI_166824_CHEBI_53000_HLA_DMB_HLA_DRA",0
"CHEBI_166824_CHEBI_53000_HLA_DOA_HLA_DOB",0
"CHEBI_166824_CHEBI_53000_HLA_DOA_HLA_DPB1",0
"CHEBI_166824_CHEBI_53000_HLA_DOA_HLA_DQB1",0
"CHEBI_166824_CHEBI_53000_HLA_DOA_HLA_DQB2",0
"CHEBI_166824_CHEBI_53000_HLA_DOA_HLA_DRB1",0
"CHEBI_166824_CHEBI_53000_HLA_DOA_HLA_DRB3",0
"CHEBI_166824_CHEBI_53000_HLA_DOA_HLA_DRB4",0
"CHEBI_166824_CHEBI_53000_HLA_DOA_HLA_DRB5",0
"CHEBI_166824_CHEBI_53000_HLA_DOB_HLA_DPA1",0
"CHEBI_166824_CHEBI_53000_HLA_DOB_HLA_DQA1",0
"CHEBI_166824_CHEBI_53000_HLA_DOB_HLA_DQA2",0
"CHEBI_166824_CHEBI_53000_HLA_DOB_HLA_DRA",0
"CHEBI_166824_CHEBI_53000_HLA_DPA1_HLA_DPB1",0
"CHEBI_166824_CHEBI_53000_HLA_DPA1_HLA_DQB1",0
"CHEBI_166824_CHEBI_53000_HLA_DPA1_HLA_DQB2",0
"CHEBI_166824_CHEBI_53000_HLA_DPA1_HLA_DRB1",0
"CHEBI_166824_CHEBI_53000_HLA_DPA1_HLA_DRB3",0
"CHEBI_166824_CHEBI_53000_HLA_DPA1_HLA_DRB4",0
"CHEBI_166824_CHEBI_53000_HLA_DPA1_HLA_DRB5",0
"CHEBI_166824_CHEBI_53000_HLA_DPB1_HLA_DQA1",0
"CHEBI_166824_CHEBI_53000_HLA_DPB1_HLA_DQA2",0
"CHEBI_166824_CHEBI_53000_HLA_DPB1_HLA_DRA",0
"CHEBI_166824_CHEBI_53000_HLA_DQA1_HLA_DQB1",0
"CHEBI_166824_CHEBI_53000_HLA_DQA1_HLA_DQB2",0
"CHEBI_166824_CHEBI_53000_HLA_DQA1_HLA_DRB1",0
"CHEBI_166824_CHEBI_53000_HLA_DQA1_HLA_DRB3",0
"CHEBI_166824_CHEBI_53000_HLA_DQA1_HLA_DRB4",0
"CHEBI_166824_CHEBI_53000_HLA_DQA1_HLA_DRB5",0
"CHEBI_166824_CHEBI_53000_HLA_DQA2_HLA_DQB1",0
"CHEBI_166824_CHEBI_53000_HLA_DQA2_HLA_DQB2",0
"CHEBI_166824_CHEBI_53000_HLA_DQA2_HLA_DRB1",0
"CHEBI_166824_CHEBI_53000_HLA_DQA2_HLA_DRB3",0
"CHEBI_166824_CHEBI_53000_HLA_DQA2_HLA_DRB4",0
"CHEBI_166824_CHEBI_53000_HLA_DQA2_HLA_DRB5",0
"CHEBI_166824_CHEBI_53000_HLA_DQB1_HLA_DRA",0
"CHEBI_166824_CHEBI_53000_HLA_DQB2_HLA_DRA",0
"CHEBI_166824_CHEBI_53000_HLA_DRA_HLA_DRB1",0
"CHEBI_166824_CHEBI_53000_HLA_DRA_HLA_DRB3",0
"CHEBI_166824_CHEBI_53000_HLA_DRA_HLA_DRB4",0
"CHEBI_166824_CHEBI_53000_HLA_DRA_HLA_DRB5",0
"CHEBI_18420_DIS3L_EXOSC1_EXOSC10_EXOSC2_EXOSC3_EXOSC4_EXOSC5_EXOSC6_EXOSC7_EXOSC8_EXOSC9",0
"CHEK1",0
"CHEK2",0
"CHFR",0
"CHKA",0
"CHL1",0
"CHM",0
"CHN1",0
"CHN2",0
"CHP1",0
"CHRM1",0
"CHRM2",0
"CHRM3",0
"CHRM4",0
"CHRM5",0
"CHRNA7",0
"CHRNB3",0
"CHUK",0
"CHUK_IKBKB_IKBKG",0
"CIB1",0
"CIB2",0
"CIC",0
"CIITA",0
"CILK1",0
"CISD2",0
"CISH",0
"CIT",0
"CKB",0
"CKS1B",0
"CKS2",0
"CLASP1",0
"CLASP2",0
"CLCC1",0
"CLCF1",0
"CLIP1",0
"CLK1",0
"CLK2",0
"CLK3",0
"CLK4",0
"CLN8",0
"CLOCK",0
"CLSPN",0
"CLU",0
"CLUL1",0
"CMA1",0
"CMC1_COA1_COA3_COX14_TIMM21",0
"CMTM4",0
"CMTM6",0
"CNKSR1",0
"CNKSR2",0
"CNOT1_CNOT10_CNOT11_CNOT2_CNOT3_CNOT4_CNOT6_CNOT6L_CNOT7_CNOT8_CNOT9_TNKS1BP1",0
"CNOT4",0
"CNOT9",0
"CNP",0
"CNR1",0
"CNR2",0
"CNTF",0
"CNTFR",0
"CNTN1",0
"CNTN6",0
"CNTNAP1",0
"CNTNAP2",0
"CNTRL",0
"COL11A1",0
"COL18A1",0
"COL1A1",0
"COL1A2",0
"COL21A1",0
"COL2A1",0
"COL3A1",0
"COL4A1",0
"COL4A2",0
"COL4A3",0
"COL4A4",0
"COL4A5",0
"COL4A6",0
"COL5A1",0
"COL5A2",0
"COL5A3",0
"COL6A1",0
"COL6A2",0
"COL6A3",0
"COLEC11",0
"COLGALT1",0
"COLGALT2",0
"COMMD1_CUL2_ELOB_ELOC_SOCS1",0
"COMP",0
"COP1",0
"COP1_CUL4A_DDB1_DET1_RBX1",0
"COPS2_COPS3_COPS4_COPS5_COPS6_COPS7A_COPS7B_GPS1",0
"COPS2_COPS3_COPS4_COPS5_COPS6_COPS7A_COPS8_GPS1",0
"COPS2_COPS3_COPS4_COPS5_COPS6_COPS7B_COPS8_GPS1",0
"COPS3",0
"COPS5",0
"CORT",0
"COX5B",0
"CP",0
"CPM",0
"CPN1",0
"CPSF1_CPSF2_CPSF3_CPSF4_FIP1L1",0
"CR2",0
"CRADD",0
"CRB3",0
"CRBN",0
"CRBN_CUL4A_DDB1_RBX1",0
"CREB1",100
"CREB5",0
"CREBBP",100
"CREBBP_EP300",0
"CREBBP_EP300_KAT2B",0
"CREM",-100
"CRH",0
"CRHR1",0
"CRIPTO",0
"CRK",0
"CRKL",0
"CRLF1",0
"CRLF2",0
"CRP",0
"CRTC2",0
"CRTC3",0
"CRY1",0
"CRY2",0
"CRYAA",0
"CRYAB",0
"CRYAB_CUL1_FBXO4_SKP1",0
"CRYBB2",0
"CSAG3",0
"CSDE1",0
"CSF1",0
"CSF1R",0
"CSF2",0
"CSF2RA",0
"CSF2RA_CSF2RB",0
"CSF3",0
"CSF3R",0
"CSH1",0
"CSK",0
"CSKMT",0
"CSMD1",0
"CSN1S1",0
"CSNK1A1",0
"CSNK1A1L",0
"CSNK1D",0
"CSNK1E",0
"CSNK1G1",0
"CSNK1G2",0
"CSNK1G3",0
"CSNK2A1",0
"CSNK2A1_CSNK2B",0
"CSNK2A2",0
"CSNK2A3",0
"CSNK2B",0
"CSRP3",0
"CTBP1",0
"CTDNEP1",0
"CTDP1",0
"CTDSP1",0
"CTDSP2",0
"CTDSPL",0
"CTDSPL2",0
"CTF1",0
"CTNNA1",0
"CTNNA2",0
"CTNNA3",0
"CTNNB1",100
"CTNNBIP1",0
"CTNND1",0
"CTNND2",0
"CTSB",0
"CTSD",0
"CTSE",0
"CTSG",0
"CTSH",0
"CTSK",0
"CTSL",0
"CTSS",0
"CTTN",0
"CTTNBP2",0
"CTTNBP2NL",0
"CUL1",0
"CUL1_FBXL3_SKP1",0
"CUL1_FBXO31_RBX1_SKP1",0
"CUL1_FBXW2_SKP1",0
"CUL1_FBXW7_PRKN",0
"CUL1_FBXW7_RBX1_SKP1",0
"CUL1_FBXW7_SKP1",0
"CUL1_RBX1_SKP1",0
"CUL1_RBX1_SKP1_SKP2",0
"CUL1_SKP1_SKP2",0
"CUL2",0
"CUL2_ELOB_ELOC_RBX1_VHL",0
"CUL3",0
"CUL3_RBX1",0
"CUL3_RBX1_SKP1",0
"CUL4A",0
"CUL4A_DDB1_DDB2_RBX1",0
"CUL4A_DDB1_DTL",0
"CUL4A_DDB1_ERCC8",0
"CUL4A_DDB1_RBX1",0
"CUL5",0
"CUL5_ELOA_ELOB_ELOC_RBX1",0
"CUL5_ELOB_ELOC_RNF7",0
"CUL7_RBX1_SKP1",0
"CUL9",0
"CUX2",0
"CX3CL1",0
"CXCL1",0
"CXCL10",0
"CXCL11",0
"CXCL12",0
"CXCL13",0
"CXCL14",0
"CXCL16",0
"CXCL17",0
"CXCL2",0
"CXCL3",0
"CXCL5",0
"CXCL6",0
"CXCL8",0
"CXCL9",0
"CXCR4",0
"CXXC4",0
"CXXC5",0
"CYCS",0
"CYFIP1",0
"CYLD",0
"CYSLTR1",0
"CYSLTR2",0
"CYTH2",0
"DAAM1",0
"DAB1",0
"DAB2",0
"DAB2IP",0
"DACH2",0
"DACT1",0
"DACT2",0
"DAG1",0
"DAP3",0
"DAPK1",0
"DAPK2",0
"DAPK3",0
"DAXX",0
"DCAF1",0
"DCAF11",0
"DCAF12",0
"DCAF15",0
"DCAF1_DDB1_UBR5",0
"DCAF4",0
"DCAF7",0
"DCC",0
"DCK",0
"DCLK1",0
"DCLRE1B",0
"DCLRE1C",0
"DCN",0
"DCST1",0
"DCTN6",0
"DDB1",0
"DDB1_DDB2",0
"DDB2",0
"DDIT3",100
"DDIT4",0
"DDR1",0
"DDR2",0
"DDX1",0
"DDX17",0
"DDX17_DDX5",0
"DDX20",0
"DDX21",0
"DDX3X",0
"DDX41",0
"DDX5",0
"DDX6",0
"DEF6",0
"DEFB4B",0
"DENND3",0
"DENND4A",0
"DEPDC5_NPRL2_NPRL3",0
"DEPTOR",0
"DEPTOR_EEF1A1_MLST8_MTOR_PRR5_RICTOR",0
"DFFA",0
"DGCR8",0
"DHCR24",0
"DHH",0
"DHPS",0
"DHX58",0
"DHX9",0
"DIABLO",0
"DIAPH1",0
"DIAPH3",0
"DIP2A",0
"DISC1",0
"DISP1",0
"DISP2",0
"DISP3",0
"DIXDC1",0
"DKC1",0
"DKK1",0
"DKK2",0
"DKK4",0
"DLC1",0
"DLG1",0
"DLG3",0
"DLG4",0
"DLGAP1",0
"DLGAP2",0
"DLGAP3",0
"DLGAP4",0
"DLGAP5",0
"DLK1",0
"DLK2",0
"DLL1",0
"DLL3",0
"DLL4",0
"DLX2",0
"DLX5",100
"DMC1",0
"DMPK",0
"DMXL2",0
"DNAJB1",0
"DNAJB12",0
"DNAJB9",0
"DNAJC3",0
"DNAJC5",0
"DNAJC6",0
"DNER",0
"DNM1",0
"DNM1L",0
"DNM2",0
"DNMBP",0
"DNMT3A",0
"DNPEP",0
"DOC2A",0
"DOCK1",0
"DOCK10",0
"DOCK3",0
"DOCK4",0
"DOCK6",0
"DOCK7",0
"DOCK8",0
"DOK1",0
"DOK3",0
"DOK4",0
"DOK7",0
"DOT1L",0
"DPF2",0
"DPH5",0
"DPP10",0
"DPP3",0
"DPP6",0
"DPYSL2",0
"DPYSL5",0
"DRAP1",0
"DRD1",0
"DRD2",0
"DRD3",0
"DRD4",0
"DRD5",0
"DSCAM",0
"DSCAML1",0
"DTD1",0
"DTL",0
"DTNBP1",0
"DTX1",0
"DTX3L",0
"DTX4",0
"DUSP1",0
"DUSP10",0
"DUSP12",0
"DUSP14",0
"DUSP16",0
"DUSP19",0
"DUSP2",0
"DUSP22",0
"DUSP23",0
"DUSP26",0
"DUSP3",0
"DUSP4",0
"DUSP5",0
"DUSP6",0
"DUSP7",0
"DUSP8",0
"DUSP9",0
"DVL1",0
"DVL1P1",0
"DVL2",0
"DVL3",0
"DYDC1",0
"DYNLL1",0
"DYNLL2",0
"DYNLT1",0
"DYRK1A",0
"DYRK1B",0
"DYRK2",0
"DYRK3",0
"DZIP3",0
"E2F1",100
"E2F2",100
"E2F3",100
"E2F4",100
"E2F4_SMAD3",0
"E2F5",0
"E2F6",100
"E2F7",0
"E4F1",0
"EAF1",0
"EAF2",0
"EBI3",0
"ECE1",0
"ECSIT",0
"ECT2",0
"EDA",0
"EDN1",0
"EDN2",0
"EDN3",0
"EDNRA",0
"EDNRB",0
"EED_EZH2_RBBP4_SUZ12",0
"EEF1A1",0
"EEF1B2_EEF1D_EEF1G",0
"EEF1E1",0
"EEF2",0
"EEF2K",0
"EFEMP2",0
"EFHC1",0
"EFNA1",0
"EFNA2",0
"EFNA3",0
"EFNA4",0
"EFNA5",0
"EFNB1",0
"EFNB2",0
"EFNB3",0
"EFR3A",0
"EFR3B",0
"EGF",0
"EGFR",-60
"EGFR_ERBB3",0
"EGLN1",0
"EGLN2",0
"EGLN3",0
"EGR1",-100
"EHMT1",0
"EHMT2",0
"EID1",0
"EID2",0
"EIF1",0
"EIF1AX",0
"EIF1AY",0
"EIF1B",0
"EIF2A",0
"EIF2AK1",0
"EIF2AK2",0
"EIF2AK3",0
"EIF2AK4",0
"EIF2B1",0
"EIF2B2",0
"EIF2B3",0
"EIF2B4",0
"EIF2B5",0
"EIF2S2",0
"EIF3A_EIF3B_EIF3C_EIF3D_EIF3E_EIF3F_EIF3G_EIF3H_EIF3I_EIF3J_EIF3K_EIF3L_EIF3M",0
"EIF3E",0
"EIF3F",0
"EIF3J",0
"EIF4B",0
"EIF4E",0
"EIF4EBP1",0
"EIF4EBP2",0
"EIF4EBP3",0
"EIF4G2",0
"EIF4H",0
"EIF5",0
"EIF5B",0
"EIF6",0
"ELANE",0
"ELAVL1",0
"ELAVL2",0
"ELAVL3",0
"ELAVL4",0
"ELMO1",0
"ELMO2",0
"ELOC",0
"ELP1",0
"ELP1_ELP2_ELP3_ELP4_ELP5_ELP6",0
"EMSY",0
"ENC1",0
"ENHO",0
"ENPEP",0
"ENPP1",0
"ENSA",0
"EP300",100
"EP300_JMY",0
"EP300_SMAD2_STAT3",0
"EP400",0
"EPAS1",0
"EPB41",0
"EPGN",0
"EPHA2",0
"EPHA3",0
"EPHA4",0
"EPHA5",0
"EPHA7",0
"EPHB1",0
"EPHB2",0
"EPHB3",0
"EPHB4",0
"EPHB6",0
"EPM2A",0
"EPN1",0
"EPO",0
"EPOR",0
"EPO_EPOR",0
"EPS15",0
"EPX",0
"ERBB2",0
"ERBB3",0
"ERBB4",0
"ERBIN",0
"ERC1",0
"ERCC2",0
"ERCC5",0
"ERCC6",0
"ERCC8",0
"EREG",0
"ERG",100
"ERGIC1",0
"ERLIN1_ERLIN2",0
"ERN1",0
"ERO1A",0
"ERO1B",0
"ERP44",0
"ERRFI1",0
"ESCO1",0
"ESPL1",0
"ESPN",0
"ESR1",100
"ESR2",100
"ESRRB",0
"ETFBKMT",0
"ETS1",0
"ETS2",-100
"EVI5",0
"EXOC1_EXOC2_EXOC3_EXOC4_EXOC5_EXOC6B_EXOC7_EXOC8",0
"EXOC1_EXOC2_EXOC3_EXOC4_EXOC5_EXOC6_EXOC7_EXOC8",0
"EXTL1",0
"EYA1",0
"EYA2",0
"EYA3",0
"EZH2",100
"EZH2_SUZ12",0
"EZR",0
"F10",0
"F10_F5",0
"F11",0
"F12",0
"F2",0
"F2R",0
"F2RL1",0
"F2RL2",0
"F2RL3",0
"F2_THBD",0
"F3_F7",0
"F7",0
"F8",0
"F8_F9",0
"F9",0
"FAAP100",0
"FAAP100_FAAP24_FANCA_FANCB_FANCC_FANCE_FANCF_FANCG_FANCL_FANCM",0
"FAAP24",0
"FAAP24_FANCM",0
"FADD",0
"FAF1",0
"FAIM2",0
"FAM107A",0
"FAM13A",0
"FAM13B",0
"FAM162A",0
"FAM20C",0
"FAM3C",0
"FAM83A",0
"FAM83B",0
"FAM83C",0
"FAM83D",0
"FAM83E",0
"FAM83F",0
"FAM83G",0
"FAM83H",0
"FAM8A1",0
"FANCA_FANCB_FANCC_FANCE_FANCF_FANCG_FANCL_FANCM",0
"FANCC",0
"FANCD2",0
"FANCG",0
"FANCL",0
"FANCM",0
"FAS",0
"FASLG",0
"FBH1",0
"FBLIM1",0
"FBLN5",0
"FBN1",0
"FBP1",0
"FBXL12",0
"FBXL14",0
"FBXL15",0
"FBXL17",0
"FBXL18",0
"FBXL2",0
"FBXL21P",0
"FBXL3",0
"FBXL5",0
"FBXL6",0
"FBXL7",0
"FBXO11",0
"FBXO15",0
"FBXO2",0
"FBXO21",0
"FBXO22",0
"FBXO25",0
"FBXO27",0
"FBXO3",0
"FBXO31",0
"FBXO32",0
"FBXO33",0
"FBXO38",0
"FBXO4",0
"FBXO44",0
"FBXO45",0
"FBXO5",0
"FBXO6",0
"FBXO7",0
"FBXO8",0
"FBXO9",0
"FBXW10",0
"FBXW11",0
"FBXW12",0
"FBXW2",0
"FBXW5",0
"FBXW7",0
"FBXW8",0
"FCGR3A",0
"FCHO1",0
"FCHO2",0
"FCN2",0
"FCN3",0
"FCRL3",0
"FER",0
"FERMT1",0
"FERMT2",0
"FERMT3",0
"FES",0
"FFAR1",0
"FFAR2",0
"FFAR3",0
"FFAR4",0
"FGA",0
"FGD1",0
"FGD2",0
"FGD3",0
"FGD4",0
"FGD5",0
"FGF1",0
"FGF10",0
"FGF11",0
"FGF12",0
"FGF13",0
"FGF14",0
"FGF16",0
"FGF17",0
"FGF18",0
"FGF19",0
"FGF2",0
"FGF20",0
"FGF21",0
"FGF22",0
"FGF23",0
"FGF3",0
"FGF4",0
"FGF5",0
"FGF6",0
"FGF7",0
"FGF8",0
"FGF9",0
"FGFR1",0
"FGFR2",0
"FGFR3",0
"FGFR4",0
"FGG",0
"FGR",0
"FH",0
"FHIT",0
"FHL1",0
"FHL2",0
"FHL5",0
"FHOD1",0
"FILIP1L",0
"FIP1L1",0
"FIZ1",0
"FKBP15",0
"FKBP1A",0
"FKBP4",0
"FKBP5",0
"FKBP6",0
"FKBP8",0
"FLCN",0
"FLI1",100
"FLNA",0
"FLT1",0
"FLT3",0
"FLT3LG",0
"FLT4",0
"FMNL2",0
"FMR1",0
"FN1",0
"FN1_SDC4",0
"FNIP1",0
"FNIP2",0
"FNTA",0
"FNTB",0
"FOS",-100
"FOS_JUN",0
"FOXA1",-100
"FOXA2",-100
"FOXC1",0
"FOXD3",0
"FOXF2",0
"FOXG1",0
"FOXH1",0
"FOXI1",0
"FOXL2",0
"FOXM1",100
"FOXO1",100
"FOXO3",100
"FPR1",0
"FPR2",0
"FRAT1",0
"FRAT2",0
"FRG1",0
"FRK",0
"FRS2",0
"FRZB",0
"FSHB",0
"FST",0
"FSTL1",0
"FSTL3",0
"FUBP1",0
"FURIN",0
"FUS",0
"FYCO1",0
"FYN",0
"FZD1",0
"FZD2",0
"FZD3",0
"FZD4",0
"FZD5",0
"FZD6",0
"FZD7",0
"FZD8",0
"FZR1",0
"G3BP1",0
"G3BP2",0
"GAB1",0
"GAB2",0
"GABARAP",0
"GABARAPL1",0
"GABARAPL2",0
"GABBR1",0
"GABBR1_GABBR2",0
"GABPA",100
"GABPB1",0
"GABPB2",0
"GAD1",0
"GADD45A",0
"GADD45B",0
"GADD45G",0
"GADD45GIP1",0
"GAK",0
"GAL",0
"GALNT8",0
"GALP",0
"GALR1",0
"GALR2",0
"GALR3",0
"GAN",0
"GAPDH",0
"GAR1",0
"GAS6",0
"GAST",0
"GATA1",100
"GATA2",-100
"GATA3",100
"GBE1",0
"GBF1",0
"GCC1",0
"GCC2",0
"GCG",0
"GCHFR",0
"GCSAM",0
"GDE1",0
"GDF1",0
"GDF10",0
"GDF11",0
"GDF15",0
"GDF2",0
"GDF5",0
"GDF6",0
"GDF7",0
"GDF9",0
"GDI1",0
"GDNF",0
"GEM",0
"GFAP",0
"GFI1",-100
"GFI1B",0
"GGCX",0
"GGNBP2",0
"GH1",0
"GH2",0
"GHITM",0
"GHR",0
"GHRH",0
"GHRL",0
"GHSR",0
"GIGYF2",0
"GIP",0
"GIPR",0
"GIT1",0
"GJB2",0
"GJB6",0
"GLDN",0
"GLI1",100
"GLI2",100
"GLI3",100
"GLRX",0
"GMIP",0
"GMNN",0
"GMPS",0
"GNA11",0
"GNA12",0
"GNA13",0
"GNA14",0
"GNA15",0
"GNAI1",0
"GNAI2",0
"GNAI3",0
"GNAL",0
"GNAO1",0
"GNAQ",0
"GNAS",0
"GNAT1",0
"GNAZ",0
"GNB1",0
"GNB1_GNG2",0
"GNB2",0
"GNB3",0
"GNB5",0
"GNG12",0
"GNG2",0
"GNG3",0
"GNG4",0
"GNGT1",0
"GNL3",0
"GNRH1",0
"GNRH2",0
"GNRHR",0
"GOLGA2",0
"GOLGA3",0
"GOLGA7",0
"GOLGB1",0
"GOPC",0
"GP1BA_GP1BB_GP5_GP9",0
"GPC3",0
"GPC4",0
"GPC6",0
"GPER1",0
"GPHA2",0
"GPHB5",0
"GPHN",0
"GPI",0
"GPKOW",0
"GPR119",0
"GPR132",0
"GPR15LG",0
"GPR161",0
"GPR17",0
"GPR174",0
"GPR183",0
"GPR25",0
"GPR34",0
"GPR35",0
"GPR50",0
"GPR55",0
"GPR65",0
"GPR84",0
"GPS2_HDAC3_NCOR1_TBL1XR1_TBL1Y",0
"GPSM3",0
"GRAP",0
"GRB10",0
"GRB14",0
"GRB2",0
"GRB7",0
"GREB1",0
"GRHL3",0
"GRID2IP",0
"GRIN1_GRIN2A",0
"GRIN1_GRIN2B",0
"GRIN1_GRIN2C",0
"GRIN1_GRIN2D",0
"GRIN2A",0
"GRIN2C",0
"GRIP1",0
"GRIPAP1",0
"GRK1",0
"GRK2",0
"GRK3",0
"GRK4",0
"GRK5",0
"GRK6",0
"GRM1",0
"GRM2",0
"GRM3",0
"GRM4",0
"GRM5",0
"GRM6",0
"GRM7",0
"GRM8",0
"GRN",0
"GRP",0
"GRPEL1",0
"GRPR",0
"GSK3A",0
"GSK3B",0
"GSN",0
"GSTM2",0
"GSTP1",0
"GTF2A1_GTF2A2",0
"GTF2A2",0
"GTF2B",0
"GTF2E1_GTF2E2",0
"GTF2F1_GTF2F2",0
"GTF2F2",0
"GTF2H1",0
"GTF2H2",0
"GTF2I",0
"GTF3A",0
"GTF3C1_GTF3C2_GTF3C3_GTF3C4_GTF3C5_GTF3C6",0
"GTF3C4",0
"GUCA2A",0
"GUCA2B",0
"GUCY1A2_GUCY1B2",0
"GXYLT1",0
"GXYLT2",0
"GYS1",0
"GYS2",0
"GZMA",0
"GZMB",0
"H1_2",0
"H2AC16",0
"H2AX",0
"H2AX_MDC1",0
"H3C13",0
"H3C3",0
"H3_4",0
"H4C6",0
"HABP4",0
"HACD1",0
"HACD2",0
"HACD3",0
"HACD4",0
"HACE1",0
"HAP1",0
"HAS2",0
"HASPIN",0
"HAT1",0
"HAUS1_HAUS2_HAUS3_HAUS4_HAUS5_HAUS6_HAUS7_HAUS8",0
"HAUS6",0
"HAX1",0
"HBA1",0
"HBB",0
"HBEGF",0
"HBP1",100
"HCFC1",0
"HCFC1_KANSL1_KANSL2_KANSL3_KAT8_MCRS1_OGT_PHF20_WDR5",0
"HCK",0
"HCRT",0
"HCRTR1",0
"HCRTR2",0
"HDAC1",-100
"HDAC10",0
"HDAC11",0
"HDAC1_KDM1A_RCOR1",0
"HDAC1_MORF4L1_PHF12_SIN3B",0
"HDAC2",0
"HDAC3",0
"HDAC4",0
"HDAC5",0
"HDAC6",0
"HDAC7",0
"HDAC8",0
"HDAC9",0
"HDC",0
"HDLBP",0
"HEBP1",0
"HECTD1",0
"HECTD2",0
"HECTD3",0
"HECTD4",0
"HECW1",0
"HECW2",0
"HELLS",0
"HERC1",0
"HERC2",0
"HERC3",0
"HERC4",0
"HERC5",0
"HERPUD1",0
"HES1",0
"HES5",0
"HEXIM1",0
"HGF",0
"HGS",0
"HHAT",0
"HIC1",0
"HIF1A",100
"HIF1AN",0
"HINFP",0
"HIPK1",0
"HIPK2",0
"HIPK3",0
"HIPK4",0
"HJURP",0
"HLA_A",0
"HLA_B",0
"HLA_C",0
"HLA_E",0
"HLA_F",0
"HLA_G",0
"HLTF",0
"HMGA1",0
"HMGA2",-100
"HMGB1",0
"HMGB2",0
"HMGN1",0
"HMGN2",0
"HMOX1",0
"HMOX2",0
"HNF1A",-100
"HNF1B",-100
"HNF4A",-100
"HNRNPA0",0
"HNRNPD",0
"HNRNPH1",0
"HNRNPH2",0
"HNRNPK",0
"HNRNPU",0
"HOMER1",0
"HOMER2",0
"HOOK1",0
"HOOK2",0
"HOOK3",0
"HOXA10",100
"HOXA5",0
"HOXA9",100
"HOXB7",0
"HOXB8",0
"HOXD10",0
"HOXD11",0
"HOXD12",0
"HOXD13",0
"HOXD9",0
"HP",0
"HPCA",0
"HPN",0
"HPS1_HPS4",0
"HPS3_HPS5_HPS6",0
"HRAS",0
"HRC",0
"HRG",0
"HRH1",0
"HRH2",0
"HRH3",0
"HRH4",0
"HRK",0
"HSBP1",0
"HSF1",0
"HSP90AA1",0
"HSP90AB1",0
"HSP90B1",0
"HSPA1A",0
"HSPA1B",0
"HSPA2",0
"HSPA5",0
"HSPA8",0
"HSPA9",0
"HSPB1",0
"HSPB2",0
"HSPB6",0
"HSPD1",0
"HSPG2",0
"HTATIP2",0
"HTR1A",0
"HTR1B",0
"HTR1D",0
"HTR1E",0
"HTR1F",0
"HTR2A",0
"HTR2B",0
"HTR2C",0
"HTR4",0
"HTR6",0
"HTR7",0
"HTRA2",0
"HTT",0
"HUNK",0
"HUS1",0
"HUS1_RAD1_RAD9A",0
"HUWE1",0
"HYAL2",0
"IAPP",0
"IBSP",0
"ICAM1",0
"ICAM2",0
"ICAM3",0
"ICAM4",0
"ICAM5",0
"ICOS",0
"ICOSLG",0
"ID1",100
"ID2",100
"ID3",100
"IDE",0
"IER3",0
"IFIH1",0
"IFITM3",0
"IFNA1",0
"IFNA10",0
"IFNA14",0
"IFNA16",0
"IFNA17",0
"IFNA2",0
"IFNA21",0
"IFNA4",0
"IFNA5",0
"IFNA6",0
"IFNA7",0
"IFNA8",0
"IFNAR1",0
"IFNAR1_IFNAR2",0
"IFNAR2",0
"IFNB1",0
"IFNE",0
"IFNG",0
"IFNGR1",0
"IFNGR1_IFNGR2",0
"IFNGR2",0
"IFNK",0
"IFNL1",0
"IFNL2",0
"IFNL3",0
"IFNLR1",0
"IFNW1",0
"IFTAP",0
"IGF1",0
"IGF1R",0
"IGF2",0
"IGF2BP1",0
"IHH",0
"IKBKB",0
"IKBKE",0
"IKBKG",0
"IL10",0
"IL10RA",0
"IL10RA_IL10RB",0
"IL10RB",0
"IL11",0
"IL12A",0
"IL12B",0
"IL12B_IL23A",0
"IL12RB1",0
"IL13",0
"IL13RA1",0
"IL15",0
"IL15RA",0
"IL16",0
"IL17A",0
"IL17B",0
"IL17C",0
"IL17F",0
"IL18",0
"IL19",0
"IL1A",0
"IL1B",0
"IL1R1",0
"IL1R1_IL1RAP",0
"IL1RAP",0
"IL1RAPL1",0
"IL1RAPL2",0
"IL1RL1",0
"IL1RN",0
"IL2",0
"IL20",0
"IL20RA",0
"IL20RB",0
"IL21",0
"IL21R",0
"IL22",0
"IL22RA1",0
"IL23A",0
"IL23R",0
"IL24",0
"IL25",0
"IL26",0
"IL27",0
"IL2RB",0
"IL2RG",0
"IL3",0
"IL31",0
"IL31RA",0
"IL33",0
"IL34",0
"IL36A",0
"IL36B",0
"IL36G",0
"IL36RN",0
"IL37",0
"IL3RA",0
"IL4",0
"IL4R",0
"IL5",0
"IL5RA",0
"IL6",0
"IL6R",0
"IL6R_IL6ST",0
"IL6ST",0
"IL7",0
"IL7R",0
"IL9",0
"IL9R",0
"ILF2_ILF3",0
"ILK",0
"ILK_LIMS1_LIMS2_LIMS3_LIMS4_PARVA",0
"IMMT",0
"INCENP",0
"ING1",0
"ING2",0
"INHA",0
"INHBA",0
"INHBB",0
"INHBC",0
"INHBE",0
"INPP4B",0
"INPP5D",0
"INPPL1",0
"INS",0
"INSIG1",0
"INSIG2",0
"INSL3",0
"INSL5",0
"INSM1",0
"INSR",0
"INTS4",0
"INVS",0
"IPO5",0
"IQGAP1",0
"IQSEC2",0
"IRAK1",0
"IRAK2",0
"IRAK3",0
"IRAK4",0
"IRF1",100
"IRF2BP1",0
"IRF2BP2",0
"IRF2BPL",0
"IRF3",100
"IRF4",100
"IRF7",0
"IRF9",0
"IRS1",0
"IRS2",0
"IRS4",0
"ISG15",0
"IST1",0
"ITCH",0
"ITCH_NUMB",0
"ITGA1",0
"ITGA10",0
"ITGA11",0
"ITGA2",0
"ITGA2B_ITGB3",0
"ITGA3",0
"ITGA4",0
"ITGA5",0
"ITGA6",0
"ITGA6_ITGB4",0
"ITGA7",0
"ITGA8",0
"ITGA9",0
"ITGAD",0
"ITGAE",0
"ITGAL",0
"ITGAM",0
"ITGAV",0
"ITGAV_ITGB3",0
"ITGAX",0
"ITGB1",0
"ITGB1BP1",0
"ITGB2",0
"ITGB3",0
"ITGB4",0
"ITGB5",0
"ITGB6",0
"ITGB7",0
"ITGB8",0
"ITK",0
"ITPR1",0
"ITPR2",0
"ITPR3",0
"ITPRIPL1",0
"ITSN1",0
"JAG1",0
"JAG2",0
"JAK1",0
"JAK2",0
"JAK3",0
"JAKMIP1",0
"JARID2",0
"JAZF1",0
"JDP2",100
"JMJD1C",0
"JMJD6",0
"JMY",0
"JUN",100
"JUNB",-100
"KANK1",0
"KASH5_SPAG4_SUN1_SUN2_SUN3_SUN5_SYNE1_SYNE2_SYNE3_SYNE4",0
"KAT2A",0
"KAT2A_SAP130_SUPT3H_SUPT7L_TADA1_TADA2A_TADA3_TAF10_TAF12_TAF5L_TAF6L_TAF9_TRRAP_USP22",0
"KAT2B",0
"KAT2B_SUPT3H_TADA2A_TADA3_TAF10_TAF12_TAF5L_TAF6L_TAF9_TRRAP",0
"KAT5",100
"KAT5_UBE2N",0
"KAT6A",0
"KAT6A_KAT6B",0
"KAT6B",0
"KAT7",0
"KAT8",0
"KAT8_MSL1_MSL2_MSL3",0
"KATNA1",0
"KATNAL2",0
"KATNB1",0
"KCNB1",0
"KCNB2",0
"KCNE1",0
"KCNE3",0
"KCNH2",0
"KCNIP3",0
"KCNIP4",0
"KCNJ8",0
"KCNQ2",0
"KCNQ3",0
"KCNQ4",0
"KCTD10",0
"KCTD13",0
"KCTD17",0
"KDM1A",0
"KDM1B",0
"KDM2A",0
"KDM2B",0
"KDM3A",0
"KDM3B",0
"KDM4A",0
"KDM4B",0
"KDM4C",0
"KDM5A",0
"KDM5B",100
"KDM5C",0
"KDM5D",0
"KDM6A",0
"KDM6B",0
"KDM7A",0
"KDR",0
"KEAP1",0
"KHDRBS1",0
"KHDRBS2",0
"KHK",0
"KHSRP",0
"KIF13A",0
"KIF13B",0
"KIF14",0
"KIF1C",0
"KIF3A",0
"KIF4A",0
"KIF5A",0
"KIF5B",0
"KIF5C",0
"KIF7",0
"KIFC1",0
"KIRREL3",0
"KISS1",0
"KISS1R",0
"KIT",0
"KITLG",0
"KL",0
"KLC1",0
"KLC2",0
"KLF1",0
"KLF10",0
"KLF11",0
"KLF13",0
"KLF16",0
"KLF2",100
"KLF4",-100
"KLF6",100
"KLF8",0
"KLF9",0
"KLHL12",0
"KLHL13",0
"KLHL15",0
"KLHL17",0
"KLHL18",0
"KLHL2",0
"KLHL20",0
"KLHL21",0
"KLHL22",0
"KLHL25",0
"KLHL3",0
"KLHL42",0
"KLHL6",0
"KLHL7",0
"KLHL8",0
"KLHL9",0
"KLK2",0
"KLK3",0
"KLK4",0
"KLKB1",0
"KMT2A",-100
"KMT2B",0
"KMT2D",0
"KMT2E",0
"KMT5A",0
"KMT5B",0
"KMT5C",0
"KNDC1",0
"KNG1",0
"KNL1",0
"KNSTRN",0
"KNTC1_ZW10_ZWILCH_ZWINT",0
"KPNA1",0
"KPNA2",0
"KPNA3",0
"KPNA4",0
"KPNA6",0
"KPNB1",0
"KRAS",0
"KREMEN1",0
"KREMEN2",0
"KRT1",0
"KRT14",0
"KRT18",0
"KSR1",0
"KSR2",0
"KTN1",0
"L1CAM",0
"L3MBTL1",0
"L3MBTL2",0
"LAG3",0
"LAMA1",0
"LAMA1_LAMB1_LAMC1",0
"LAMA2",0
"LAMA3",0
"LAMA3_LAMB3_LAMC2",0
"LAMA4",0
"LAMA4_LAMB1_LAMC1",0
"LAMA5",0
"LAMA5_LAMB1_LAMC1",0
"LAMB1",0
"LAMB2",0
"LAMB3",0
"LAMC1",0
"LAMC2",0
"LAMC3",0
"LAMTOR1_LAMTOR2_LAMTOR3_LAMTOR4_LAMTOR5",0
"LAMTOR3",0
"LARP1",0
"LARP4B",0
"LARP6",0
"LARP7",0
"LAS1L",0
"LAT",0
"LATS1",0
"LATS2",0
"LCK",0
"LCMT1",0
"LCP2",0
"LDB1",0
"LEAP2",0
"LEF1",100
"LEFTY2",0
"LEP",0
"LEPR",0
"LFNG",0
"LGALS3",0
"LHB",0
"LHFPL5",0
"LHX1",0
"LHX2",100
"LHX3",0
"LIF",0
"LIFR",0
"LIMK1",0
"LIMK2",0
"LIN28A",0
"LIN7C_PALS1_PATJ",0
"LIPH",0
"LMAN2",0
"LMNA",0
"LMO1",0
"LMO2",0
"LMO3",0
"LMO4",0
"LMTK2",0
"LNPK",0
"LNX1",0
"LNX2",0
"LONP1",0
"LONP2",0
"LOX",0
"LPA",0
"LPAR1",0
"LPAR2",0
"LPAR3",0
"LPAR4",0
"LPAR5",0
"LPAR6",0
"LRFN4",0
"LRFN5",0
"LRIG1",0
"LRP1B",0
"LRP2",0
"LRP4",0
"LRP5",0
"LRP5_LRP6",0
"LRP6",0
"LRPAP1",0
"LRRC4",0
"LRRC45",0
"LRRC4B",0
"LRRC4C",0
"LRRFIP2",0
"LRRK1",0
"LRRK2",0
"LRSAM1",0
"LTA",0
"LTB",0
"LTB4R",0
"LTB4R2",0
"LTBP1",0
"LTBP2",0
"LTBR",0
"LTC4S",0
"LTF",0
"LTK",0
"LTN1",0
"LTN1_NEMF_NPLOC4_TCF25_UFD1_VCP",0
"LY96",0
"LYN",0
"LYPLA2",0
"LYST",0
"LZTR1",0
"MAB21L1",0
"MACROD1",0
"MAD2L1",0
"MAD2L1BP",0
"MAD2L2",0
"MADCAM1",0
"MADD",0
"MAF",100
"MAF1",0
"MAFG",0
"MAGEA3",0
"MAGEC2",0
"MAGEL2",0
"MAGI2",0
"MAGI3",0
"MAJIN_TERB1_TERB2",0
"MAK",0
"MALT1",0
"MAML1",0
"MAML1_RBPJ",0
"MAML2",0
"MAML3",0
"MANSC1",0
"MAP1B",0
"MAP1LC3A",0
"MAP1LC3B",0
"MAP1LC3C",0
"MAP2K1",0
"MAP2K2",0
"MAP2K3",0
"MAP2K4",0
"MAP2K5",0
"MAP2K6",0
"MAP2K7",0
"MAP3K1",0
"MAP3K10",0
"MAP3K11",0
"MAP3K12",0
"MAP3K13",0
"MAP3K14",0
"MAP3K2",0
"MAP3K20",0
"MAP3K21",0
"MAP3K3",0
"MAP3K4",0
"MAP3K5",0
"MAP3K6",0
"MAP3K7",0
"MAP3K8",0
"MAP4K1",0
"MAP4K2",0
"MAP4K3",0
"MAP4K4",0
"MAP4K5",0
"MAP7",0
"MAPK1",0
"MAPK10",0
"MAPK11",0
"MAPK12",0
"MAPK13",0
"MAPK14",0
"MAPK15",0
"MAPK3",0
"MAPK4",0
"MAPK6",0
"MAPK7",0
"MAPK8",0
"MAPK8IP1",0
"MAPK8IP2",0
"MAPK8IP3",0
"MAPK9",0
"MAPKAP1",0
"MAPKAP1_MLST8_MTOR_RICTOR",0
"MAPKAPK2",0
"MAPKAPK3",0
"MAPKAPK5",0
"MARCHF1",0
"MARCHF2",0
"MARCHF5",0
"MARCHF7",0
"MARCHF8",0
"MARCHF9",0
"MARCKS",0
"MARK1",0
"MARK2",0
"MARK3",0
"MARK4",0
"MAS1",0
"MASP1",0
"MASP2",0
"MAST1",0
"MAST2",0
"MAST3",0
"MAST4",0
"MASTL",0
"MAT1A",0
"MAT2B",0
"MATK",0
"MAVS",0
"MAX",100
"MAX_MYC",0
"MAX_MYC_ZMIZ1",0
"MBD1",0
"MBIP",0
"MBL2",0
"MBTPS1",0
"MBTPS2",0
"MC1R",0
"MC2R",0
"MC3R",0
"MC4R",0
"MC5R",0
"MCF2",0
"MCF2L",0
"MCHR1",0
"MCHR2",0
"MCL1",0
"MCM10",0
"MCOLN1",0
"MCOLN2",0
"MCOLN3",0
"MCPH1",0
"MCRIP1",0
"MCTS1",0
"MDC1",0
"MDFI",0
"MDGA2",0
"MDK",0
"MDM2",0
"MDM4",0
"MDN1",0
"MECOM",0
"MECP2",100
"MED14",0
"MED1_MED10_MED11_MED14_MED15_MED16_MED17_MED18_MED19_MED20_MED21_MED22_MED23_MED24_MED25_MED26_MED27_MED28_MED29_MED30_MED31_MED4_MED6_MED7_MED8_MED9",0
"MEF2A",-100
"MEF2C",0
"MEGF10",0
"MEIS2",0
"MELK",0
"MEN1",0
"MEPCE",0
"MERTK",0
"MET",0
"METTL21C",0
"METTL3",0
"MEX3B",0
"MFAP2",0
"MFAP5",0
"MFF",0
"MFGE8",0
"MFN1",0
"MFNG",0
"MGRN1",0
"MIB1",0
"MIB2",0
"MICB",0
"MID1",0
"MID1IP1",0
"MID2",0
"MIF",0
"MIIP",0
"MINK1",0
"MIOS_SEC13_SEH1L_WDR24_WDR59",0
"MIPOL1",0
"MIR155HG",0
"MIR17HG",0
"MIR22HG",0
"MKNK1",0
"MKNK2",0
"MKRN1",0
"MKRN2",0
"MKRN3",0
"MKRN4P",0
"MLF1",0
"MLH1",0
"MLH1_PMS2",0
"MLKL",0
"MLLT11",0
"MLN",0
"MLNR",0
"MMP1",0
"MMP10",0
"MMP12",0
"MMP13",0
"MMP14",0
"MMP19",0
"MMP2",0
"MMP20",0
"MMP25",0
"MMP26",0
"MMP3",0
"MMP7",0
"MMP8",0
"MMP9",0
"MN1",0
"MNAT1",0
"MOAP1",0
"MOB1A",0
"MOB1B",0
"MORC2",0
"MOS",0
"MOV10",0
"MPG",0
"MPHOSPH10",0
"MPL",0
"MPO",0
"MRAP",0
"MRAP2",0
"MRE11",0
"MRE11_NBN_RAD50",0
"MRGPRX1",0
"MRGPRX2",0
"MRTFA",0
"MRTFB",0
"MSC",0
"MSH2",0
"MSH2_MSH6",0
"MSH6",0
"MSI1",0
"MSL1",0
"MSL2",0
"MSMB",0
"MST1",0
"MST1R",0
"MSTN",0
"MSX1",0
"MSX2",100
"MT3",0
"MTA1",-100
"MTA2",0
"MTCH2",0
"MTCP1",0
"MTMR3",0
"MTMR4",0
"MTNR1A",0
"MTNR1B",0
"MTOR",0
"MTSS1",0
"MTURN",0
"MTX1_MTX2_SAMM50",0
"MT_RNR2",0
"MUC1",0
"MUC12",0
"MUL1",0
"MUTYH",0
"MVD",0
"MX1",0
"MYB",100
"MYBL2",100
"MYC",100
"MYCBP",0
"MYCBP2",0
"MYCBP2_SKP1",0
"MYCN",100
"MYC_ZBTB17",0
"MYD88",0
"MYH9",0
"MYLIP",0
"MYLK",0
"MYLK2",0
"MYLK3",0
"MYO10",0
"MYO15A",0
"MYO1E",0
"MYO5A",0
"MYO7A",0
"MYO9A",0
"MYO9B",0
"MYOCD",0
"MYOD1",100
"MYOG",0
"MYOM1",0
"MYRIP",0
"MYSM1",0
"MYT1",0
"MYT1L",0
"N4BP1",0
"NAA10",0
"NAA10_NAA15",0
"NAB1",0
"NAB2",0
"NACC1",0
"NAE1_UBA3",0
"NAIP",0
"NAMPT",0
"NANOS1",0
"NAP1L1",0
"NASP",0
"NAT10",0
"NBEA",0
"NBEAL2",0
"NBR1",0
"NCAM1",0
"NCAPH2",0
"NCBP1",0
"NCBP1_NCBP2",0
"NCF1",0
"NCK1",0
"NCK2",0
"NCKAP1",0
"NCL",0
"NCOA1",100
"NCOA2",100
"NCOA3",100
"NCOA4",0
"NCOR1",-100
"NCOR2",100
"NCOR2_RBPJ",0
"NCR3LG1",0
"NCS1",0
"NCSTN",0
"NDEL1",0
"NDFIP1",0
"NDFIP2",0
"NDN",0
"NDP",0
"NDRG1",0
"NEB",0
"NECAP1",0
"NECTIN3",0
"NEDD1",0
"NEDD4",0
"NEDD4L",0
"NEDD8",0
"NEDD9",0
"NEK1",0
"NEK10",0
"NEK11",0
"NEK2",0
"NEK3",0
"NEK5",0
"NEK6",0
"NEK7",0
"NEK9",0
"NELFA_NELFB_NELFCD_NELFE",0
"NEO1",0
"NET1",0
"NEU1",0
"NEURL1",0
"NEUROD1",100
"NF1",0
"NF2",0
"NFASC",0
"NFAT5",100
"NFATC2",-100
"NFE2L2",100
"NFIB",0
"NFIX_PRKCQ",0
"NFKB1",-100
"NFKB1_RELA",0
"NFKB2",100
"NFKBIA",0
"NFKBIB",0
"NFKBIE",0
"NFKBIZ",0
"NFX1",0
"NFYA",100
"NFYA_NFYB_NFYC",0
"NGEF",0
"NGF",0
"NGLY1",0
"NHEJ1",0
"NHERF1",0
"NHERF2",0
"NHERF4",0
"NHLRC1",0
"NHP2",0
"NHS",0
"NIBAN2",0
"NID1",0
"NIM1K",0
"NIN",0
"NIPBL",0
"NIPSNAP1",0
"NKD1",0
"NKIRAS1",0
"NKIRAS2",0
"NKRF",0
"NKX3_1",0
"NLGN1",0
"NLGN2",0
"NLGN3",0
"NLGN4X",0
"NLGN4Y",0
"NLK",0
"NLRC4",0
"NLRP1",0
"NLRX1",0
"NMB",0
"NMBR",0
"NME1",0
"NME2",0
"NMI",0
"NMS",0
"NMU",0
"NMUR1",0
"NMUR2",0
"NOD1",0
"NOD1_RIPK2",0
"NOD2",0
"NODAL",0
"NOG",0
"NOL3",0
"NOLC1",0
"NONO",0
"NOP10",0
"NOS1",0
"NOSIP",0
"NOTCH1",0
"NOTCH1_RBPJ",0
"NOTCH2",0
"NOTCH3",0
"NOTCH4",0
"NOXA1",0
"NOXO1",0
"NPAS2",0
"NPAT",0
"NPB",0
"NPBWR1",0
"NPFF",0
"NPFFR1",0
"NPFFR2",0
"NPLOC4",0
"NPM1",0
"NPNT",0
"NPPA",0
"NPPB",0
"NPPC",0
"NPR1",0
"NPS",0
"NPTX1",0
"NPVF",0
"NPW",0
"NPY",0
"NR0B1",-100
"NR0B2",-100
"NR1D1",0
"NR1D2",0
"NR1H2",100
"NR1H3",0
"NR1I2",100
"NR1I2_RXRA",0
"NR1I3",-100
"NR2C1",0
"NR2C2",100
"NR2E3",0
"NR2F1",100
"NR2F2",100
"NR2F6",0
"NR3C1",100
"NR3C2",-100
"NR4A1",-100
"NR4A2",0
"NR4A3",-100
"NR5A1",-100
"NRARP",0
"NRAS",0
"NRBF2",0
"NRCAM",0
"NRF1",-100
"NRG1",100
"NRG2",0
"NRG3",0
"NRG4",0
"NRIP1",0
"NRTN",0
"NRXN1",0
"NRXN2",0
"NRXN3",0
"NSD1",0
"NSD2",0
"NSD3",0
"NSF",0
"NSFL1C",0
"NSMCE2",0
"NSMCE3",0
"NTF3",0
"NTF4",0
"NTN1",0
"NTN3",0
"NTN4",0
"NTNG1",0
"NTNG2",0
"NTRK1",0
"NTRK2",0
"NTRK3",0
"NTS",0
"NTSR1",0
"NUAK1",0
"NUAK2",0
"NUDCD2",0
"NUDT3",0
"NUMA1",0
"NUMB",0
"NUMBL",0
"NUP153",0
"NUP214",0
"NUP62",0
"NUSAP1",0
"NUTF2",0
"NXPH1",0
"NXPH3",0
"NYX",0
"OBSCN",0
"OFD1",0
"OGA",0
"OGT",0
"OMA1",0
"OMG",0
"OPHN1",0
"OPRD1",0
"OPRK1",0
"OPRL1",0
"OPRM1",0
"ORAI1",0
"OS9",0
"OSBPL3",0
"OSM",0
"OSMR",0
"OSTN",0
"OTUB1",0
"OTUB2",0
"OTUD5",0
"OTUD7A",0
"OTUD7B",0
"OTULIN",0
"OXGR1",0
"OXSR1",0
"OXT",0
"OXTR",0
"P03186_RPS27A",0
"P03186_UBA52",0
"P03186_UBB",0
"P03186_UBC",0
"P03200_RPS27A",0
"P03200_UBA52",0
"P03200_UBB",0
"P03200_UBC",0
"P03205_P03212_P03231",0
"P03205_RPS27A",0
"P03205_UBA52",0
"P03205_UBB",0
"P03205_UBC",0
"P03206_RPS27A",0
"P03206_UBA52",0
"P03206_UBB",0
"P03206_UBC",0
"P03209_RPS27A",0
"P03209_UBA52",0
"P03209_UBB",0
"P03209_UBC",0
"P03211_RPS27A",0
"P03211_UBA52",0
"P03211_UBB",0
"P03211_UBC",0
"P03212_RPS27A",0
"P03212_UBA52",0
"P03212_UBB",0
"P03212_UBC",0
"P03217_RPS27A",0
"P03217_UBA52",0
"P03217_UBB",0
"P03217_UBC",0
"P03231_RPS27A",0
"P03231_UBA52",0
"P03231_UBB",0
"P03231_UBC",0
"P0C725_RPS27A",0
"P0C725_UBA52",0
"P0C725_UBB",0
"P0C725_UBC",0
"P0DTC2_RPS27A",0
"P0DTC2_UBA52",0
"P0DTC2_UBB",0
"P0DTC2_UBC",0
"P13288_RPS27A",0
"P13288_UBA52",0
"P13288_UBB",0
"P13288_UBC",0
"P2RY1",0
"P2RY10",0
"P2RY11",0
"P2RY12",0
"P2RY13",0
"P2RY14",0
"P2RY2",0
"P2RY4",0
"P2RY6",0
"P4HA1_P4HB",0
"P4HB",0
"P59594_RPS27A",0
"P59594_UBA52",0
"P59594_UBB",0
"P59594_UBC",0
"P59595_RPS27A",0
"P59595_UBA52",0
"P59595_UBB",0
"P59595_UBC",0
"P59633_RPS27A",0
"P59633_UBA52",0
"P59633_UBB",0
"P59633_UBC",0
"P59634_RPS27A",0
"P59634_UBA52",0
"P59634_UBB",0
"P59634_UBC",0
"PABIR1",0
"PABPC1",0
"PABPC4",0
"PACSIN3",0
"PADI4",0
"PAF1",0
"PAFAH1B1",0
"PAG1",0
"PAIP2",0
"PAK1",0
"PAK1IP1",0
"PAK2",0
"PAK3",0
"PAK4",0
"PAK5",0
"PAK6",0
"PALB2",0
"PAN2",0
"PAQR3",0
"PARD3",0
"PARD6A",0
"PARD6A_SMURF1",0
"PARG",0
"PARK7",0
"PARL",0
"PARN",0
"PARP1",0
"PARP10",0
"PARP2",0
"PARVA",0
"PASK",0
"PATZ1",0
"PAWR",0
"PAX1",0
"PAX3",100
"PAX5",0
"PAX6",100
"PAX7",0
"PAX8",0
"PAXIP1",0
"PBK",0
"PBX1",100
"PBXIP1",0
"PCBD1",0
"PCBP1",0
"PCBP2",0
"PCDH10",0
"PCDH15",0
"PCDH19",0
"PCDH9",0
"PCDHA1",0
"PCDHA10",0
"PCDHA11",0
"PCDHA12",0
"PCDHA13",0
"PCDHA2",0
"PCDHA3",0
"PCDHA4",0
"PCDHA5",0
"PCDHA6",0
"PCDHA7",0
"PCDHA8",0
"PCDHA9",0
"PCDHAC1",0
"PCDHAC2",0
"PCGF2",0
"PCM1",0
"PCNA",0
"PCNT",0
"PCSK1",0
"PCSK2",0
"PCSK5",0
"PCSK6",0
"PCSK7",0
"PCSK9",0
"PDCD1",0
"PDCD1LG2",0
"PDE2A",0
"PDE3A",0
"PDE4DIP",0
"PDE6G",0
"PDGFA",0
"PDGFB",0
"PDGFC",0
"PDGFD",0
"PDGFRA",0
"PDGFRA_PDGFRB",0
"PDGFRB",0
"PDHX",0
"PDIA6",0
"PDK1",0
"PDK2",0
"PDK3",0
"PDK4",0
"PDLIM2",0
"PDP1",0
"PDP2",0
"PDPK1",0
"PDPK2P",0
"PDXP",0
"PDYN",0
"PDZD11",0
"PDZRN3",0
"PEA15",0
"PEBP1",0
"PECAM1",0
"PELI1",0
"PELI2",0
"PELI3",0
"PENK",0
"PER1",0
"PER2",0
"PER3",0
"PERP",0
"PEX1",0
"PEX12",0
"PEX14",0
"PEX2",0
"PEX26",0
"PEX3",0
"PEX5",0
"PEX6",0
"PF4",0
"PF4V1",0
"PFKFB4",0
"PFKP",0
"PFN1",0
"PGAM5",0
"PGF",0
"PGK1",0
"PGR",0
"PHACTR1",0
"PHB2",0
"PHF1",0
"PHF12",0
"PHF2",0
"PHF21A",0
"PHF3",0
"PHF6",0
"PHF8",0
"PHIP",0
"PHKA1",0
"PHKA2",0
"PHKG1",0
"PHKG2",0
"PHLPP1",0
"PHLPP2",0
"PHPT1",0
"PHRF1",0
"PI4K2A",0
"PIAS1",0
"PIAS2",0
"PIAS3",0
"PIAS3_SMAD3",0
"PIAS4",0
"PICALM",0
"PICK1",0
"PIDD1",0
"PIGF",0
"PIGG",0
"PIGS",0
"PIH1D1",0
"PIH1D2_RUVBL1_RUVBL2_SPAG1",0
"PIK3AP1",0
"PIK3C3",0
"PIK3CA",0
"PIK3CA_PIK3R1",0
"PIK3CB",0
"PIK3CG",0
"PIK3IP1",0
"PIK3R1",0
"PIK3R2",0
"PIK3R3",0
"PIK3R4",0
"PIK3R6",0
"PIM1",0
"PIM2",0
"PIM3",0
"PIMREG",0
"PIN1",0
"PIN4",0
"PINK1",0
"PIRT",0
"PITRM1",0
"PITX1",0
"PITX3",0
"PIWIL1",0
"PJA1",0
"PJA2",0
"PKD1",0
"PKD2",0
"PKIA",0
"PKM",0
"PKMYT1",0
"PKN1",0
"PKN2",0
"PKN3",0
"PKNOX1",0
"PKP2",0
"PLA2G6",0
"PLAC8",0
"PLAT",0
"PLAU",0
"PLAUR",0
"PLCG1",0
"PLCG2",0
"PLD1",0
"PLD3",0
"PLEKHA7",0
"PLEKHF2",0
"PLEKHG1",0
"PLEKHG2",0
"PLEKHG3",0
"PLEKHG4",0
"PLEKHG4B",0
"PLEKHG5",0
"PLEKHG6",0
"PLG",0
"PLIN3",0
"PLK1",0
"PLK2",0
"PLK3",0
"PLK4",0
"PLN",0
"PLPPR1",0
"PLRG1",0
"PLXNB3",0
"PMAIP1",0
"PMCH",0
"PML",0
"PMP22",0
"PMPCB",0
"PMS2",0
"PNCK",0
"PNOC",0
"PNPLA8",0
"PODXL2",0
"POFUT1",0
"POGLUT1",0
"POGZ",0
"POLDIP3",0
"POLH",0
"POLR2A",0
"POMC",0
"POMT1_POMT2",0
"POPDC1",0
"PORCN",0
"POT1",0
"POU2AF1",0
"POU2F1",0
"POU3F2",0
"POU3F4",0
"POU4F1",100
"POU4F2",100
"POU4F3",0
"POU5F1",-100
"POU5F1_SOX2",0
"PPA1",0
"PPARA",100
"PPARD",100
"PPARG",0
"PPARGC1A",-100
"PPBP",0
"PPEF1",0
"PPFIA1",0
"PPIF",0
"PPM1A",0
"PPM1B",0
"PPM1D",0
"PPM1E",0
"PPM1F",0
"PPM1G",0
"PPM1K",0
"PPM1L",0
"PPM1M",0
"PPME1",0
"PPP1CA",0
"PPP1CA_PPP1R12A_PPP1R12B",0
"PPP1CB",0
"PPP1CC",0
"PPP1R12B",0
"PPP1R13B",0
"PPP1R13L",0
"PPP1R14A",0
"PPP1R14B",0
"PPP1R15A",0
"PPP1R1A",0
"PPP1R1B",0
"PPP1R1C",0
"PPP1R2",0
"PPP1R3A",0
"PPP1R3B",0
"PPP1R3C",0
"PPP1R8",0
"PPP1R9A",0
"PPP1R9B",0
"PPP2CA",0
"PPP2CA_PPP2R1A_PPP2R2A",0
"PPP2CA_PPP2R1A_PPP2R2B",0
"PPP2CA_PPP2R1A_PPP2R5D",0
"PPP2CA_PPP2R5A_PTPA",0
"PPP2CB",0
"PPP2R1A",0
"PPP2R1B",0
"PPP2R2A",0
"PPP2R2B",0
"PPP2R2C",0
"PPP2R3C",0
"PPP2R5A",0
"PPP2R5B",0
"PPP2R5C",0
"PPP2R5D",0
"PPP3CA",0
"PPP3CA_PPP3CB_PPP3CC_PPP3R1_PPP3R2",0
"PPP3CA_PPP3R1",0
"PPP3CB",0
"PPP3CC",0
"PPP3R1",0
"PPP4C",0
"PPP4C_PPP4R1",0
"PPP4R3A",0
"PPP5C",0
"PPP6C",0
"PPY",0
"PRC1",0
"PRCC",0
"PRDM1",100
"PRDM16",0
"PRDM2",0
"PRDX1",0
"PREX1",0
"PREX2",0
"PRG4",0
"PRICKLE1",0
"PRKAA1",0
"PRKAA1_PRKAA2_PRKAB1_PRKAB2_PRKAG1_PRKAG2_PRKAG3",0
"PRKAA2",0
"PRKAA2_PRKAB2_PRKAG2",0
"PRKAB1",0
"PRKACA",0
"PRKACB",0
"PRKACG",0
"PRKAG1",0
"PRKAG2",0
"PRKAR1A",0
"PRKAR1B",0
"PRKAR2A",0
"PRKAR2B",0
"PRKCA",0
"PRKCB",0
"PRKCD",0
"PRKCE",0
"PRKCG",0
"PRKCH",0
"PRKCI",0
"PRKCQ",0
"PRKCSH",0
"PRKCZ",0
"PRKD1",0
"PRKD2",0
"PRKD3",0
"PRKDC",0
"PRKDC_XRCC6",0
"PRKG1",0
"PRKG2",0
"PRKN",0
"PRKRA",0
"PRKX",0
"PRL",0
"PRLH",0
"PRLHR",0
"PRLR",0
"PRMT1",0
"PRMT3",0
"PRMT5",0
"PRMT6",0
"PRND",0
"PROC",0
"PROK1",0
"PROK2",0
"PROKR1",0
"PROS1",0
"PROX1",100
"PRP4K",0
"PRPF19",0
"PRRX1",0
"PRSS1",0
"PRSS2",0
"PRSS21",0
"PRSS3",0
"PRTN3",0
"PSAP",0
"PSD3",0
"PSEN1",0
"PSENEN",0
"PSIP1",0
"PSMA5",0
"PSMA6",0
"PSMA7",0
"PSMB8",0
"PSMC3",0
"PSME1",0
"PSME2",0
"PSME3",0
"PSMF1",0
"PSPN",0
"PSTPIP1",0
"PTAFR",0
"PTBP2",0
"PTCH1",0
"PTCH2",0
"PTCHD1",0
"PTCRA",0
"PTDSS1",0
"PTEN",0
"PTGDR",0
"PTGER1",0
"PTGER2",0
"PTGER3",0
"PTGER4",0
"PTGES3",0
"PTGFR",0
"PTGIR",0
"PTGS2",0
"PTH",0
"PTH1R",0
"PTH2",0
"PTHLH",0
"PTK2",0
"PTK2B",0
"PTK6",0
"PTK7",0
"PTMA",0
"PTMS",0
"PTN",0
"PTP4A1",0
"PTP4A2",0
"PTP4A3",0
"PTPA",0
"PTPN1",0
"PTPN11",0
"PTPN12",0
"PTPN13",0
"PTPN14",0
"PTPN18",0
"PTPN2",0
"PTPN21",0
"PTPN22",0
"PTPN3",0
"PTPN4",0
"PTPN5",0
"PTPN6",0
"PTPN7",0
"PTPN9",0
"PTPRA",0
"PTPRB",0
"PTPRC",0
"PTPRD",0
"PTPRE",0
"PTPRF",0
"PTPRG",0
"PTPRH",0
"PTPRJ",0
"PTPRK",0
"PTPRM",0
"PTPRO",0
"PTPRR",0
"PTPRS",0
"PTPRT",0
"PTPRU",0
"PTPRZ1",0
"PTTG1",0
"PTX3",0
"PUF60",0
"PVR",0
"PXDN",0
"PXN",0
"PYCARD",0
"PYDC1",0
"PYHIN1",0
"PYY",0
"PZP",0
"Perturbation",2
"Q15300",0
"Q6FI27",0
"Q7TFA0_RPS27A",0
"Q7TFA0_UBA52",0
"Q7TFA0_UBB",0
"Q7TFA0_UBC",0
"Q80H93_RPS27A",0
"Q80H93_UBA52",0
"Q80H93_UBB",0
"Q80H93_UBC",0
"QRFP",0
"RAB11A",0
"RAB12",0
"RAB14",0
"RAB1A",0
"RAB22A",0
"RAB23",0
"RAB2A",0
"RAB32",0
"RAB33B",0
"RAB38",0
"RAB39B",0
"RAB3GAP1",0
"RAB4A",0
"RAB5A",0
"RAB5C",0
"RAB6A",0
"RAB6B",0
"RAB6C",0
"RAB7A",0
"RAB9A",0
"RABEP1",0
"RABEPK",0
"RABGEF1",0
"RABGGTA",0
"RABGGTB",0
"RAC1",0
"RAC2",0
"RAC3",0
"RACGAP1",0
"RACK1",0
"RAD1",0
"RAD17",0
"RAD18",0
"RAD18_UBE2A",0
"RAD18_UBE2B",0
"RAD21",0
"RAD23B",0
"RAD50",0
"RAD51",0
"RAD51AP1",0
"RAD52",0
"RAD54L",0
"RAE1",0
"RAET1E",0
"RAET1G",0
"RAET1L",0
"RAF1",0
"RAG1",0
"RAG2",0
"RALA",0
"RALB",0
"RALBP1",0
"RALGAPA1_RALGAPB",0
"RALGAPA2_RALGAPB",0
"RALGDS",0
"RALY",0
"RAMAC",0
"RAN",0
"RANBP17",0
"RANBP2",0
"RANBP3",0
"RANBP9",0
"RANGAP1",0
"RAP1A",0
"RAP1B",0
"RAP1GAP",0
"RAP1GDS1",0
"RAP2A",0
"RAPGEF1",0
"RAPGEF2",0
"RAPGEF3",0
"RAPGEF4",0
"RAPGEF5",0
"RAPGEF6",0
"RAPH1",0
"RARA",0
"RARA_RXRA",0
"RARB",-100
"RARG",100
"RARRES2",0
"RASA1",0
"RASA4",0
"RASGEF1A",0
"RASGEF1B",0
"RASGEF1C",0
"RASGRF1",0
"RASGRF2",0
"RASGRP3",0
"RASSF1",0
"RASSF5",0
"RASSF6",0
"RAVER1",0
"RB1",100
"RB1CC1",0
"RBBP6",0
"RBBP7",0
"RBBP8",0
"RBCK1",0
"RBCK1_RNF31",0
"RBL2",0
"RBM15",0
"RBM38",0
"RBM7",0
"RBP1",0
"RBPJ",100
"RBX1",0
"RCAN1",0
"RCHY1",0
"RCOR1",0
"RCSD1",0
"RECQL4",0
"RECQL5",0
"REEP5",0
"REL",0
"RELA",-100
"RELN",0
"REN",0
"RERE",0
"RET",0
"REV1",0
"RFC1_RFC2_RFC3_RFC4_RFC5",0
"RFFL",0
"RFNG",0
"RFPL4A",0
"RFWD3",0
"RFX1",0
"RFX3",0
"RGMA",0
"RGS19",0
"RGS2",0
"RGS4",0
"RGS6",0
"RHEB",0
"RHO",0
"RHOA",0
"RHOBTB1",0
"RHOBTB3",0
"RHOH",0
"RHOQ",0
"RHOU",0
"RIGI",0
"RILPL2",0
"RIMBP2",0
"RIMBP3",0
"RIMBP3B",0
"RIMBP3C",0
"RIMS1",0
"RIMS2",0
"RIMS3",0
"RIN1",0
"RING1",0
"RIOK1",0
"RIOK3",0
"RIOX1",0
"RIPK1",0
"RIPK1_TNF_TNFRSF1A_TRADD_TRAF2",0
"RIPK2",0
"RIPK3",0
"RIPK4",0
"RIT1",0
"RIT2",0
"RITA1",0
"RLF",0
"RLIM",0
"RLN1",0
"RLN2",0
"RLN3",0
"RNASE2",0
"RND1",0
"RNF10",0
"RNF11",0
"RNF111",0
"RNF115",0
"RNF123",0
"RNF123_UBAC1",0
"RNF125",0
"RNF126",0
"RNF128",0
"RNF13",0
"RNF135",0
"RNF138",0
"RNF139",0
"RNF144A",0
"RNF144B",0
"RNF146",0
"RNF149",0
"RNF152",0
"RNF167",0
"RNF168",0
"RNF170",0
"RNF180",0
"RNF182",0
"RNF183",0
"RNF185",0
"RNF19A",0
"RNF19B",0
"RNF2",0
"RNF20",0
"RNF208",0
"RNF20_RNF40_UBE2E1",0
"RNF216",0
"RNF220",0
"RNF24",0
"RNF25",0
"RNF26",0
"RNF31",0
"RNF34",0
"RNF38",0
"RNF4",0
"RNF40",0
"RNF41",0
"RNF43",0
"RNF5",0
"RNF6",0
"RNF7",0
"RNF8",0
"RNF8_UBE2N",0
"ROBO2",0
"ROBO3",0
"ROCK1",0
"ROCK2",0
"ROR1",0
"ROR2",0
"RORA",-100
"RORB",0
"RORC",0
"RPA1",0
"RPA1_RPA2_RPA3",0
"RPA2",0
"RPAP2",0
"RPGR",0
"RPGRIP1",0
"RPGRIP1L",0
"RPH3A",0
"RPL10",0
"RPL11",0
"RPL13A",0
"RPL5",0
"RPN1",0
"RPS19",0
"RPS19BP1",0
"RPS27A_UBA1",0
"RPS27A_UBA6",0
"RPS27A_UBE2A",0
"RPS27A_UBE2B",0
"RPS27A_UBE2C",0
"RPS27A_UBE2D1",0
"RPS27A_UBE2D2",0
"RPS27A_UBE2D3",0
"RPS27A_UBE2D4",0
"RPS27A_UBE2E1",0
"RPS27A_UBE2E2",0
"RPS27A_UBE2E3",0
"RPS27A_UBE2G1",0
"RPS27A_UBE2G2",0
"RPS27A_UBE2H",0
"RPS27A_UBE2I",0
"RPS27A_UBE2J1",0
"RPS27A_UBE2J2",0
"RPS27A_UBE2K",0
"RPS27A_UBE2L3",0
"RPS27A_UBE2L5",0
"RPS27A_UBE2L6",0
"RPS27A_UBE2M",0
"RPS27A_UBE2N",0
"RPS27A_UBE2NL",0
"RPS27A_UBE2Q1",0
"RPS27A_UBE2Q2",0
"RPS27A_UBE2R2",0
"RPS27A_UBE2S",0
"RPS27A_UBE2T",0
"RPS27A_UBE2U",0
"RPS27A_UBE2V1",0
"RPS27A_UBE2V2",0
"RPS27A_UBE2W",0
"RPS27A_UBE2Z",0
"RPS6KA1",0
"RPS6KA2",0
"RPS6KA3",0
"RPS6KA4",0
"RPS6KA5",0
"RPS6KA6",0
"RPS6KB1",0
"RPS6KB2",0
"RPS6KC1",0
"RPTOR",0
"RRAGA_RRAGC",0
"RRAGC",0
"RRAGD",0
"RRAS",0
"RRM2B",0
"RRN3",0
"RSF1",0
"RSPO1",0
"RSPO2",0
"RSPO3",0
"RSPO4",0
"RTN4",0
"RUBCN",0
"RUBCNL",0
"RUNX1",100
"RUNX2",100
"RUNX3",100
"RUSC1",0
"RWDD3",0
"RXRA",-100
"RXRB",0
"RXRG",0
"RYBP",0
"RYK",0
"S100A10",0
"S100A4",0
"S100A8",0
"S100A8_S100A9",0
"S100A9",0
"S1PR1",0
"S1PR2",0
"S1PR3",0
"S1PR5",0
"SAA1",0
"SAE1_UBA2",0
"SAFB",0
"SAG",0
"SAR1A",0
"SARM1",0
"SARS1",0
"SATB2",100
"SAV1",0
"SBDS",0
"SBF1",0
"SCAF11",0
"SCAND1",0
"SCAP",0
"SCARB1",0
"SCNN1A",0
"SCNN1B",0
"SCNN1G",0
"SCO2",0
"SCT",0
"SCYL1",0
"SCYL2",0
"SDC2",0
"SDC3",0
"SDC4",0
"SDCBP",0
"SDF2L1",0
"SDHAF2",0
"SEC23IP",0
"SEC61A1_SEC61A2_SEC61B_SEC61G",0
"SEC63",0
"SELENOF",0
"SELENOS",0
"SELP",0
"SELPLG",0
"SEM1",0
"SEMA3A",0
"SEMA3B",0
"SEMA3C",0
"SEMA3E",0
"SEMA3F",0
"SEMA4D",0
"SEMA5A",0
"SEMA6D",0
"SEMA7A",0
"SENP1",0
"SENP2",0
"SENP3",0
"SEPTIN12",0
"SEPTIN4",0
"SEPTIN7",0
"SEPTIN9",0
"SERPINA1",0
"SERPINA5",0
"SERPINB2",0
"SERPINB9",0
"SERPINC1",0
"SERPINE1",0
"SERPINE2",0
"SERPINF1",0
"SERPING1",0
"SESN1",0
"SESN2",0
"SESN3",0
"SESTD1",0
"SET",0
"SETBP1",0
"SETD1A",0
"SETD1B",0
"SETD2",0
"SETD5",0
"SETD7",0
"SETDB1",0
"SETDB2",0
"SF1",0
"SFN",0
"SFPQ",0
"SFRP1",0
"SFRP2",0
"SGK1",0
"SGK2",0
"SGK3",0
"SGO1",0
"SGTA",0
"SH2B1",0
"SH2B2",0
"SH2B3",0
"SH3BP1",0
"SH3BP4",0
"SH3GLB1",0
"SH3KBP1",0
"SH3PXD2A",0
"SH3PXD2B",0
"SH3RF1",0
"SHANK1",0
"SHANK2",0
"SHANK3",0
"SHC1",0
"SHC3",0
"SHH",0
"SHOC2",0
"SHPRH",0
"SIAH1",0
"SIAH2",0
"SIGMAR1",0
"SIK1",0
"SIK2",0
"SIK3",0
"SIL1",0
"SIM1",0
"SIM2",0
"SIN3B",0
"SIPA1",0
"SIRT1",-100
"SIRT2",0
"SIRT3",0
"SIRT4",0
"SIRT5",0
"SIRT6",0
"SIRT7",0
"SIVA1",0
"SIX1",0
"SIX3",0
"SKA1_SKA2_SKA3",0
"SKI",0
"SKIL",0
"SKOR1",0
"SKP1",0
"SKP2",0
"SLA",0
"SLA2",0
"SLBP",0
"SLC18A2",0
"SLC2A4RG",0
"SLC30A9",0
"SLC9A1",0
"SLIT1",0
"SLIT2",0
"SLIT3",0
"SLITRK5",0
"SLK",0
"SLN",0
"SLX4",0
"SMAD1",100
"SMAD1_SMAD4",0
"SMAD2",100
"SMAD2_SMAD4",0
"SMAD3",100
"SMAD3_SMAD4",0
"SMAD4",100
"SMAD4_SMAD5",0
"SMAD4_SMAD9",0
"SMAD5",100
"SMAD6",0
"SMAD7",-100
"SMAD9",0
"SMARCA2",0
"SMARCA4",0
"SMARCAD1",0
"SMARCB1",0
"SMARCD3",0
"SMC3",0
"SMCR8",0
"SMG1",0
"SMO",0
"SMURF1",0
"SMURF2",0
"SMYD2",0
"SMYD3",0
"SNAP91",0
"SNAPIN",0
"SNCA",0
"SNCAIP",0
"SNCB",0
"SND1",0
"SNF8",0
"SNIP1",0
"SNPH",0
"SNTA1",0
"SNTB1",0
"SNUPN",0
"SNW1",0
"SNX5",0
"SNX6",0
"SNX8",0
"SNX9",0
"SOCS1",0
"SOCS2",0
"SOCS3",0
"SOCS4",0
"SOCS5",0
"SOCS6",0
"SOD1",0
"SORBS1",0
"SORT1",0
"SOS1",0
"SOS2",0
"SOST",0
"SOX10",-100
"SOX17",-100
"SOX2",100
"SOX3",0
"SOX4",0
"SOX6",0
"SOX9",100
"SP1",100
"SP2",0
"SP3",100
"SP4",100
"SPAG11B",0
"SPAG5",0
"SPAG9",0
"SPART",0
"SPATA13",0
"SPC25",0
"SPDYA",0
"SPEG",0
"SPEN",0
"SPHK2",0
"SPI1",0
"SPIB",0
"SPNS1",0
"SPOP",0
"SPP1",0
"SPRED1",0
"SPRY1",0
"SPRY2",0
"SPRY4",0
"SPSB2",0
"SPX",0
"SQSTM1",0
"SRC",0
"SRCAP",0
"SRF",-100
"SRGAP1",0
"SRGAP2",0
"SRGAP3",0
"SRI",0
"SRMS",0
"SRP19",0
"SRP54",0
"SRP72",0
"SRPK1",0
"SRPK2",0
"SRSF11",0
"SRSF3",0
"SRSF7",0
"SS18L1",0
"SSBP1",0
"SSH1",0
"SSH2",0
"SSH3",0
"SSRP1_SUPT16H",0
"SST",0
"SSTR1",0
"SSTR2",0
"SSTR3",0
"SSTR4",0
"SSTR5",0
"SSU72",0
"ST6GAL1",0
"STAG2",0
"STAP1",0
"STARD13",0
"STARD8",0
"STAT1",100
"STAT2",-100
"STAT3",0
"STAT4",0
"STAT5A",100
"STAT6",100
"STIL",0
"STIM1",0
"STIP1",0
"STK10",0
"STK11",0
"STK17A",0
"STK24",0
"STK25",0
"STK26",0
"STK3",0
"STK33",0
"STK36",0
"STK38",0
"STK38L",0
"STK39",0
"STK4",0
"STK40",0
"STMN1",0
"STOM",0
"STOML2",0
"STON2",0
"STRN",0
"STRN4",0
"STT3A",0
"STT3B",0
"STUB1",0
"STX10_STX16_VAMP3_VTI1A",0
"STX3",0
"STX5",0
"STXBP1",0
"STXBP2",0
"STXBP4",0
"STXBP6",0
"STYK1",0
"STYX",0
"SUB1",0
"SUFU",0
"SUGT1",0
"SUMO1",0
"SUMO2",0
"SUMO3",0
"SUN1",0
"SUN2",0
"SUPT20H",0
"SUV39H1",0
"SUV39H2",0
"SV2A",0
"SVIP",0
"SYBU",0
"SYDE2",0
"SYK",0
"SYMPK",0
"SYN1",0
"SYN2",0
"SYN3",0
"SYNE1",0
"SYNGAP1",0
"SYNJ1",0
"SYNJ2BP",0
"SYP",0
"SYT1",0
"SYVN1",0
"TAB1",0
"TAB2",0
"TAB3",0
"TAC1",0
"TAC3",0
"TAC4",0
"TACR1",0
"TACR2",0
"TACR3",0
"TACSTD2",0
"TAF1",100
"TAF12",0
"TAF1A_TAF1B_TAF1C_TAF1D_TBP",0
"TAF1_TAF10_TAF11_TAF12_TAF13_TAF2_TAF3_TAF4_TAF5_TAF6_TAF7_TAF8_TAF9_TBP",0
"TAF4",0
"TAGAP",0
"TAGLN2",0
"TAL1",0
"TANC2",0
"TANK",0
"TAOK1",0
"TAOK2",0
"TAOK3",0
"TARBP2",0
"TARDBP",0
"TASP1",0
"TAX1BP1",0
"TBK1",0
"TBKBP1",0
"TBL1X",0
"TBL1XR1",0
"TBL1Y",0
"TBR1",0
"TBX2",-100
"TBXA2R",0
"TCEA1",0
"TCF3",0
"TCF7",0
"TCL1A",0
"TCL1B",0
"TCOF1",0
"TDG",0
"TDP2",0
"TEC",0
"TEK",0
"TELO2",0
"TERB1",0
"TERB2",0
"TERF2",0
"TESK1",0
"TESK2",0
"TET2",0
"TET3",0
"TF",0
"TFAP2B",0
"TFAP4",0
"TFF2",0
"TFG",0
"TFPI",0
"TG",0
"TGFA",0
"TGFB1",0
"TGFB1I1",0
"TGFB2",0
"TGFB3",0
"TGFBI",0
"TGFBR1",0
"TGFBR1_TGFBR2",0
"TGFBR2",0
"TGFBRAP1_VPS11_VPS16_VPS18_VPS33A_VPS8",0
"TGIF1",0
"TGM2",0
"THBS1",0
"THBS2",0
"THBS3",0
"THBS4",0
"THEM4",0
"THPO",0
"THRA",100
"THRAP3",0
"THRB",100
"THRSP",0
"THY1",0
"TIA1",0
"TIAL1",0
"TIAM1",0
"TIAM2",0
"TICAM1",0
"TICAM2",0
"TIE1",0
"TIGIT",0
"TIMD4",0
"TIMELESS",0
"TIMP1",0
"TIMP2",0
"TIMP3",0
"TIPIN",0
"TIPRL",0
"TIRAP",0
"TJP1",0
"TJP2",0
"TLE1",0
"TLE2",0
"TLE4",0
"TLE5",0
"TLK1",0
"TLK2",0
"TLN1",0
"TLR10",0
"TLR1_TLR2",0
"TLR2",0
"TLR2_TLR6",0
"TLR3",0
"TLR4",0
"TLR5",0
"TLR7",0
"TLR8",0
"TLR9",0
"TLX1",0
"TLX3",0
"TM4SF1",0
"TM9SF4",0
"TMED10",0
"TMED5",0
"TMIGD2",0
"TMOD1",0
"TNC",0
"TNF",0
"TNFAIP1",0
"TNFAIP3",0
"TNFRSF10A",0
"TNFRSF10B",0
"TNFRSF13C",0
"TNFRSF14",0
"TNFRSF1A",0
"TNFRSF1B",0
"TNFRSF1B_TNFSF10",0
"TNFRSF21",0
"TNFRSF25",0
"TNFSF10",0
"TNFSF11",0
"TNFSF12",0
"TNFSF13",0
"TNFSF13B",0
"TNFSF14",0
"TNFSF15",0
"TNFSF18",0
"TNFSF4",0
"TNFSF8",0
"TNFSF9",0
"TNF_TNFRSF1A",0
"TNIK",0
"TNIP1",0
"TNK1",0
"TNK2",0
"TNKS",0
"TNKS2",0
"TNPO1",0
"TNRC6B",0
"TOB1",0
"TOB2",0
"TOLLIP",0
"TOMM20_TOMM22_TOMM40_TOMM5_TOMM6_TOMM7_TOMM70",0
"TOMM70",0
"TOP1",0
"TOPBP1",0
"TOPORS",0
"TOR1A",0
"TOR1AIP1",0
"TP53",100
"TP53AIP1",0
"TP53BP1",0
"TP53BP2",0
"TP53INP1",0
"TP53INP2",0
"TP53RK",0
"TP63",100
"TP73",-100
"TPBG",0
"TPH1",0
"TPO",0
"TPR",0
"TPSAB1",0
"TPX2",0
"TRADD",0
"TRAF1",0
"TRAF2",0
"TRAF3",0
"TRAF4",0
"TRAF6",0
"TRAF7",0
"TRAPPC9",0
"TRDMT1",0
"TRH",0
"TRHR",0
"TRIB2",0
"TRIB3",0
"TRIM10",0
"TRIM11",0
"TRIM13",0
"TRIM17",0
"TRIM2",0
"TRIM21",0
"TRIM23",0
"TRIM24",0
"TRIM25",0
"TRIM26",0
"TRIM27",0
"TRIM28",0
"TRIM3",0
"TRIM31",0
"TRIM32",0
"TRIM33",0
"TRIM38",0
"TRIM39",0
"TRIM4",0
"TRIM41",0
"TRIM47",0
"TRIM56",0
"TRIM58",0
"TRIM59",0
"TRIM62",0
"TRIM63",0
"TRIM65",0
"TRIM68",0
"TRIM7",0
"TRIM71",0
"TRIM72",0
"TRIM8",0
"TRIM9",0
"TRIO",0
"TRIP10",0
"TRIP11",0
"TRIP12",0
"TRIP13",0
"TRPC1",0
"TRPC3",0
"TRPC4",0
"TRPC4AP",0
"TRPC5",0
"TRPM4",0
"TRPM6",0
"TRPM7",0
"TRPV4",0
"TRPV5",0
"TRPV6",0
"TRRAP",0
"TSC1",0
"TSC1_TSC2",0
"TSC2",0
"TSC22D3",0
"TSHB",0
"TSHR",0
"TSHZ3",0
"TSLP",0
"TSPAN33",0
"TSPAN7",0
"TSPO2",0
"TSPOAP1",0
"TSSK4",0
"TTBK1",0
"TTBK2",0
"TTC19",0
"TTC3",0
"TTC36",0
"TTC5",0
"TTF2",0
"TTI1",0
"TTK",0
"TTL",0
"TTN",0
"TUB",0
"TUBA1A",0
"TUBA1B",0
"TUBB",0
"TUBGCP2_TUBGCP3_TUBGCP4_TUBGCP5_TUBGCP6",0
"TUFM",0
"TULP3",0
"TWIST1",0
"TXK",0
"TXN",0
"TXNIP",0
"TYK2",0
"TYRO3",0
"TYSND1",0
"UBA1_UBA52",0
"UBA1_UBB",0
"UBA1_UBC",0
"UBA52",0
"UBA52_UBA6",0
"UBA52_UBE2A",0
"UBA52_UBE2B",0
"UBA52_UBE2C",0
"UBA52_UBE2D1",0
"UBA52_UBE2D2",0
"UBA52_UBE2D3",0
"UBA52_UBE2D4",0
"UBA52_UBE2E1",0
"UBA52_UBE2E2",0
"UBA52_UBE2E3",0
"UBA52_UBE2G1",0
"UBA52_UBE2G2",0
"UBA52_UBE2H",0
"UBA52_UBE2I",0
"UBA52_UBE2J1",0
"UBA52_UBE2J2",0
"UBA52_UBE2K",0
"UBA52_UBE2L3",0
"UBA52_UBE2L5",0
"UBA52_UBE2L6",0
"UBA52_UBE2M",0
"UBA52_UBE2N",0
"UBA52_UBE2NL",0
"UBA52_UBE2Q1",0
"UBA52_UBE2Q2",0
"UBA52_UBE2R2",0
"UBA52_UBE2S",0
"UBA52_UBE2T",0
"UBA52_UBE2U",0
"UBA52_UBE2V1",0
"UBA52_UBE2V2",0
"UBA52_UBE2W",0
"UBA52_UBE2Z",0
"UBA6_UBB",0
"UBA6_UBC",0
"UBAP2",0
"UBAP2L",0
"UBASH3B",0
"UBB_UBE2A",0
"UBB_UBE2B",0
"UBB_UBE2C",0
"UBB_UBE2D1",0
"UBB_UBE2D2",0
"UBB_UBE2D3",0
"UBB_UBE2D4",0
"UBB_UBE2E1",0
"UBB_UBE2E2",0
"UBB_UBE2E3",0
"UBB_UBE2G1",0
"UBB_UBE2G2",0
"UBB_UBE2H",0
"UBB_UBE2I",0
"UBB_UBE2J1",0
"UBB_UBE2J2",0
"UBB_UBE2K",0
"UBB_UBE2L3",0
"UBB_UBE2L5",0
"UBB_UBE2L6",0
"UBB_UBE2M",0
"UBB_UBE2N",0
"UBB_UBE2NL",0
"UBB_UBE2Q1",0
"UBB_UBE2Q2",0
"UBB_UBE2R2",0
"UBB_UBE2S",0
"UBB_UBE2T",0
"UBB_UBE2U",0
"UBB_UBE2V1",0
"UBB_UBE2V2",0
"UBB_UBE2W",0
"UBB_UBE2Z",0
"UBC",0
"UBC_UBE2A",0
"UBC_UBE2B",0
"UBC_UBE2C",0
"UBC_UBE2D1",0
"UBC_UBE2D2",0
"UBC_UBE2D3",0
"UBC_UBE2D4",0
"UBC_UBE2E1",0
"UBC_UBE2E2",0
"UBC_UBE2E3",0
"UBC_UBE2G1",0
"UBC_UBE2G2",0
"UBC_UBE2H",0
"UBC_UBE2I",0
"UBC_UBE2J1",0
"UBC_UBE2J2",0
"UBC_UBE2K",0
"UBC_UBE2L3",0
"UBC_UBE2L5",0
"UBC_UBE2L6",0
"UBC_UBE2M",0
"UBC_UBE2N",0
"UBC_UBE2NL",0
"UBC_UBE2Q1",0
"UBC_UBE2Q2",0
"UBC_UBE2R2",0
"UBC_UBE2S",0
"UBC_UBE2T",0
"UBC_UBE2U",0
"UBC_UBE2V1",0
"UBC_UBE2V2",0
"UBC_UBE2W",0
"UBC_UBE2Z",0
"UBE2A",0
"UBE2D1",0
"UBE2D2",0
"UBE2D3",0
"UBE2E1",0
"UBE2E2",0
"UBE2E3",0
"UBE2G2",0
"UBE2I",0
"UBE2J1",0
"UBE2K",0
"UBE2L3",0
"UBE2M",0
"UBE2N",0
"UBE2N_UBE2V2",0
"UBE2O",0
"UBE2S",0
"UBE2T",0
"UBE2V1",0
"UBE3A",0
"UBE3C",0
"UBE4B",0
"UBIAD1",0
"UBL4A",0
"UBQLN2",0
"UBQLN4",0
"UBR1",0
"UBR2",0
"UBR4",0
"UBR5",0
"UBTF",0
"UBXN1",0
"UBXN2B",0
"UBXN8",0
"UCHL1",0
"UCHL3",0
"UCHL5",0
"UCN",0
"UCN2",0
"UCN3",0
"UFD1",0
"UFL1",0
"UHMK1",0
"UHRF1",0
"UHRF2",0
"UIMC1",0
"ULBP1",0
"ULBP2",0
"ULBP3",0
"ULK1",0
"ULK2",0
"ULK3",0
"UNC13B",0
"UNC5A",0
"UNC5B",0
"UNC5C",0
"UNC5D",0
"UNC80",0
"UPF2",0
"UPF3B",0
"USF1",100
"USO1",0
"USP1",0
"USP10",0
"USP11",0
"USP13",0
"USP14",0
"USP15",0
"USP16",0
"USP17L2",0
"USP2",0
"USP20",0
"USP21",0
"USP22",0
"USP24",0
"USP25",0
"USP28",0
"USP3",0
"USP36",0
"USP37",0
"USP4",0
"USP45",0
"USP5",0
"USP6",0
"USP7",0
"USP8",0
"USP9X",0
"UTS2",0
"UTS2B",0
"UTS2R",0
"UVRAG",0
"VAC14",0
"VASP",0
"VAV1",0
"VAV2",0
"VAV3",0
"VCAM1",0
"VCP",0
"VCPIP1",0
"VDAC2",0
"VDR",100
"VEGFA",0
"VEGFB",0
"VEGFC",0
"VEGFD",0
"VHL",0
"VIM",0
"VIP",0
"VIPAS39_VPS33B",0
"VMP1",0
"VPS11",0
"VPS11_VPS16_VPS18_VPS33A_VPS39_VPS41",0
"VPS18",0
"VPS39",0
"VPS4A",0
"VRK1",0
"VRK2",0
"VRK3",0
"VTN",0
"VWF",0
"WAC",0
"WAPL",0
"WAS",0
"WASF1",0
"WASHC1_WASHC2C_WASHC3_WASHC4_WASHC5",0
"WASL",0
"WDCP",0
"WDFY3",0
"WDHD1",0
"WDR45",0
"WDR45B",0
"WDR48",0
"WDR62",0
"WDR83",0
"WEE1",0
"WEE2",0
"WFS1",0
"WHAMM",0
"WHR1",0
"WIF1",0
"WIPF1",0
"WIPI1",0
"WIPI2",0
"WLS",0
"WNK1",0
"WNK2",0
"WNK3",0
"WNK4",0
"WNT1",0
"WNT10A",0
"WNT10B",0
"WNT11",0
"WNT16",0
"WNT2",0
"WNT2B",0
"WNT3",0
"WNT3A",0
"WNT4",0
"WNT5A",0
"WNT5B",0
"WNT6",0
"WNT7A",0
"WNT7B",0
"WNT8A",0
"WNT8B",0
"WNT9A",0
"WNT9B",0
"WRAP53",0
"WRN",0
"WSB1",0
"WT1",-100
"WWOX",0
"WWP1",0
"WWP2",0
"WWTR1",0
"XAF1",0
"XCL1",0
"XCL2",0
"XIAP",0
"XPA",0
"XPC",0
"XPO1",0
"XPOT",0
"XRCC1",0
"XRCC3",0
"XRCC4",0
"XRCC5",0
"XRCC5_XRCC6",0
"XRCC6",0
"XXYLT1",0
"YAP1",0
"YBX1",-100
"YES1",0
"YIF1B",0
"YME1L1",0
"YWHAB",0
"YWHAE",0
"YWHAG",0
"YWHAH",0
"YWHAQ",0
"YWHAZ",0
"YY1",100
"ZAP70",0
"ZBP1",0
"ZBTB16",100
"ZBTB17",100
"ZBTB4",0
"ZC3H11A",0
"ZC3H12A",0
"ZC3HAV1",0
"ZDHHC13",0
"ZDHHC2",0
"ZDHHC5",0
"ZDHHC9",0
"ZEB2",0
"ZFHX3",0
"ZFP36",0
"ZFP91",0
"ZFPM2",0
"ZFYVE26",0
"ZFYVE9",0
"ZG16B",0
"ZHX1",0
"ZIC1",0
"ZIC3",0
"ZMIZ1",0
"ZMYM2",0
"ZMYND11",0
"ZNF318",0
"ZNF350",0
"ZNF365",0
"ZNF420",0
"ZNF462",0
"ZNF521",0
"ZNF76",0
"ZNF774",0
"ZNF804A",0
"ZNRF1",0
"ZNRF3",0
"ZNRF4",0
"ZRANB1",0
"ZRANB2",0
"ZW10",0
